{"val/top5_accuracy":54.34,"val/top1_accuracy":21.32,"_wandb":{"runtime":336},"_runtime":336,"epoch":10,"val/loss":3.1147626998901368,"learning_rate":1e-07,"_timestamp":1.7561764172589164e+09,"train/loss":2.7676089853048325,"final/best_epoch":10,"final/best_val_accuracy":21.32,"final/learning_rate":0.00020267153220194695,"train/top1_accuracy":33.060709635416664,"train/top5_accuracy":69.12434895833333,"objective":21.32,"val/overfitting_gap":11.740709635416664,"_step":11}