{"_step":11,"final/learning_rate":0.00039264953582938343,"_timestamp":1.7561979352676885e+09,"val/top1_accuracy":20.14,"objective":20.4,"val/loss":3.1627668395996094,"learning_rate":1e-07,"final/best_val_accuracy":20.4,"_wandb":{"runtime":245},"val/overfitting_gap":17.478001302083335,"epoch":10,"train/loss":2.5896484404802322,"train/top5_accuracy":73.187255859375,"val/top5_accuracy":52.1,"train/top1_accuracy":37.618001302083336,"_runtime":245,"final/best_epoch":9}