{"train/loss":1.9976434111595154,"final/warmup_epochs":3,"final/weight_decay":0.11585023213520812,"best_val_accuracy":40.34,"val/top1_accuracy":40.34,"val/top5_accuracy":74.76,"_runtime":339,"final/best_epoch":14,"_timestamp":1.7562582680185697e+09,"_wandb":{"runtime":339},"objective":40.34,"val/overfitting_gap":16.20703776041666,"val/loss":2.4814518898010256,"_step":15,"learning_rate":0.0003501154310971282,"train/top5_accuracy":85.88053385416667,"epoch":14,"final/learning_rate":0.0005441076962811183,"final/best_val_accuracy":40.34,"train/top1_accuracy":56.547037760416664}