{"final/learning_rate":0.0002891909981832574,"val/overfitting_gap":16.050732421875,"final/best_val_accuracy":22.2,"_timestamp":1.7561673462040844e+09,"val/loss":3.0938894794464114,"learning_rate":1e-07,"train/loss":2.5819047739108405,"_wandb":{"runtime":335},"objective":22.2,"_runtime":335,"_step":11,"train/top5_accuracy":73.74064127604167,"val/top1_accuracy":22.2,"val/top5_accuracy":54.92,"epoch":10,"final/best_epoch":10,"train/top1_accuracy":38.250732421875}