{"epoch":10,"val/top1_accuracy":15.97,"train/top1_accuracy":32.088216145833336,"final/best_val_accuracy":16.39,"_runtime":337,"final/learning_rate":0.0002496492724583267,"train/top5_accuracy":67.88533528645833,"_wandb":{"runtime":337},"val/loss":3.3869508533477783,"val/overfitting_gap":16.118216145833337,"learning_rate":1e-07,"_timestamp":1.7561311043752007e+09,"val/top5_accuracy":44.5,"objective":16.39,"train/loss":2.779041533668836,"final/best_epoch":8,"_step":11}