{"train/top1_accuracy":50.669352213541664,"best_val_accuracy":36.36,"final/best_val_accuracy":36.36,"_runtime":336,"train/top5_accuracy":83.19091796875,"objective":36.36,"learning_rate":0.00018089600074962023,"val/overfitting_gap":14.309352213541665,"final/learning_rate":0.00025371008091394214,"val/top1_accuracy":36.36,"val/loss":2.623898425292969,"epoch":14,"final/weight_decay":0.061297910221813995,"final/warmup_epochs":5,"final/best_epoch":14,"val/top5_accuracy":69.9,"_wandb":{"runtime":336},"train/loss":2.1649686793486276,"_timestamp":1.7562237410436006e+09,"_step":15}