{"learning_rate":1e-07,"val/loss":3.3859176036834717,"objective":15.26,"_step":11,"final/learning_rate":0.0001799980292669397,"_runtime":337,"val/overfitting_gap":15.717685546875,"final/best_epoch":7,"final/best_val_accuracy":15.26,"epoch":10,"train/top5_accuracy":67.41129557291667,"val/top5_accuracy":43.76,"val/top1_accuracy":15.16,"_timestamp":1.7561540832802176e+09,"train/loss":2.8159590512514114,"_wandb":{"runtime":337},"train/top1_accuracy":30.877685546875}