{"train/loss":2.0619422694047294,"final/learning_rate":0.0003494909724525859,"val/loss":2.649685939788818,"best_val_accuracy":37.53,"train/top5_accuracy":84.77986653645833,"final/best_epoch":14,"_timestamp":1.7562337263457012e+09,"_runtime":340,"objective":37.53,"_step":15,"final/best_val_accuracy":37.53,"final/weight_decay":0.09799609290234015,"final/warmup_epochs":3,"val/top1_accuracy":37.53,"learning_rate":0.0002248987164160287,"_wandb":{"runtime":340},"train/top1_accuracy":54.541015625,"val/overfitting_gap":17.011015625,"epoch":14,"val/top5_accuracy":69.12}