{"final/learning_rate":0.000632644372947881,"objective":43.05,"train/loss":2.0133788411815963,"epoch":14,"final/best_epoch":14,"final/warmup_epochs":3,"learning_rate":0.0004070800719712698,"train/top1_accuracy":55.759684244791664,"train/top5_accuracy":85.82763671875,"val/top1_accuracy":43.05,"final/best_val_accuracy":43.05,"_runtime":340,"_step":15,"final/weight_decay":0.1390272013089876,"_timestamp":1.7562265803662744e+09,"val/top5_accuracy":76.69,"val/loss":2.411669023513794,"val/overfitting_gap":12.709684244791667,"_wandb":{"runtime":340},"best_val_accuracy":43.05}