{"val/overfitting_gap":12.195091145833338,"final/best_epoch":14,"final/warmup_epochs":5,"final/learning_rate":0.0006209929338901196,"best_val_accuracy":42.94,"objective":42.94,"_wandb":{"runtime":345},"learning_rate":0.00044272814370980624,"final/best_val_accuracy":42.94,"train/top1_accuracy":55.135091145833336,"train/top5_accuracy":84.930419921875,"final/weight_decay":0.13037917690050135,"_timestamp":1.7562340845894184e+09,"val/top1_accuracy":42.94,"_step":15,"epoch":14,"val/top5_accuracy":76.75,"_runtime":345,"train/loss":2.037756986916065,"val/loss":2.4009775760650633}