{"learning_rate":1e-07,"train/top1_accuracy":36.690266927083336,"final/best_epoch":10,"train/top5_accuracy":72.0703125,"_wandb":{"runtime":321},"epoch":10,"val/top1_accuracy":18.03,"val/top5_accuracy":47.33,"final/learning_rate":0.00028966894720377665,"train/loss":2.6516791383425393,"final/best_val_accuracy":18.03,"_timestamp":1.7561774782218573e+09,"val/loss":3.2904733688354493,"_step":11,"val/overfitting_gap":18.660266927083335,"_runtime":321,"objective":18.03}