{"val/top1_accuracy":30.94,"_step":15,"val/loss":2.786457097244263,"_runtime":339,"best_val_accuracy":30.94,"learning_rate":6.766251633380953e-05,"epoch":14,"val/top5_accuracy":66.98,"_wandb":{"runtime":339},"final/best_val_accuracy":30.94,"objective":30.94,"final/learning_rate":0.00011062983136274678,"_timestamp":1.756223035968246e+09,"final/warmup_epochs":2,"final/best_epoch":14,"val/overfitting_gap":8.785748697916663,"train/top1_accuracy":39.725748697916664,"train/loss":2.551682656009992,"final/weight_decay":0.10126191623595351,"train/top5_accuracy":75.048828125}