{"train/top1_accuracy":37.160237630208336,"final/best_epoch":10,"_runtime":336,"learning_rate":1e-07,"epoch":10,"val/top1_accuracy":23.27,"train/top5_accuracy":72.74983723958333,"final/learning_rate":0.0002908076927160609,"val/top5_accuracy":53.72,"objective":23.27,"val/overfitting_gap":13.890237630208336,"val/loss":3.120591928482056,"_wandb":{"runtime":336},"_timestamp":1.7561711732480285e+09,"train/loss":2.6068537731965384,"_step":11,"final/best_val_accuracy":23.27}