{"final/best_val_accuracy":38.25,"val/top5_accuracy":72.04,"_wandb":{"runtime":339},"_runtime":339,"best_val_accuracy":38.25,"_timestamp":1.7562682954494443e+09,"final/weight_decay":0.09866973447529478,"val/overfitting_gap":15.161865234375,"val/loss":2.5804668155670165,"train/top5_accuracy":84.08610026041667,"final/warmup_epochs":2,"final/learning_rate":0.0008558779634313579,"objective":38.25,"_step":15,"learning_rate":0.0005232032375566682,"final/best_epoch":14,"train/loss":2.091600202023983,"epoch":14,"train/top1_accuracy":53.411865234375,"val/top1_accuracy":38.25}