{"final/learning_rate":0.000121540289969298,"epoch":10,"_wandb":{"runtime":247},"train/top1_accuracy":28.420003255208332,"val/loss":3.3293467353820803,"_step":11,"learning_rate":1e-07,"objective":16.21,"_runtime":247,"_timestamp":1.7561992382353983e+09,"val/top1_accuracy":16.21,"val/overfitting_gap":12.210003255208331,"final/best_epoch":10,"final/best_val_accuracy":16.21,"train/top5_accuracy":64.72981770833333,"train/loss":2.9208914240201316,"val/top5_accuracy":45.89}