{"final/learning_rate":0.000861545742489255,"train/top5_accuracy":68.89851888020833,"_step":11,"_timestamp":1.7561328315268686e+09,"final/best_epoch":9,"objective":16.18,"learning_rate":1e-07,"epoch":10,"_wandb":{"runtime":327},"train/top1_accuracy":33.304850260416664,"val/overfitting_gap":17.474850260416666,"val/top1_accuracy":15.83,"final/best_val_accuracy":16.18,"val/top5_accuracy":44.4,"train/loss":2.716309428215027,"_runtime":327,"val/loss":3.396800220489502}