{"val/top1_accuracy":22.39,"learning_rate":1e-07,"_step":11,"epoch":10,"final/best_val_accuracy":22.72,"final/best_epoch":8,"val/top5_accuracy":54.65,"_timestamp":1.7561530268573701e+09,"train/top1_accuracy":39.898681640625,"train/top5_accuracy":75.048828125,"final/learning_rate":0.0004466480816970287,"objective":22.72,"_runtime":333,"val/overfitting_gap":17.508681640625,"train/loss":2.517380033930143,"_wandb":{"runtime":333},"val/loss":3.1150697414398194}