{"final/best_val_accuracy":17.65,"val/top5_accuracy":46.21,"train/loss":2.7102502087752023,"final/learning_rate":0.00029005801363113484,"_runtime":331,"_wandb":{"runtime":331},"val/top1_accuracy":17.65,"val/loss":3.3266888397216796,"_step":11,"final/best_epoch":10,"train/top1_accuracy":34.480794270833336,"epoch":10,"val/overfitting_gap":16.830794270833337,"train/top5_accuracy":69.85066731770833,"_timestamp":1.7561725717485065e+09,"objective":17.65,"learning_rate":1e-07}