{"_wandb":{"runtime":337},"_step":15,"objective":37.18,"final/learning_rate":0.0004087758024560421,"train/top5_accuracy":85.24373372395833,"val/top5_accuracy":70.31,"epoch":14,"val/overfitting_gap":17.961194661458336,"_timestamp":1.7562272946077466e+09,"final/best_val_accuracy":37.18,"val/loss":2.618436173248291,"final/weight_decay":0.034448551406399616,"_runtime":337,"learning_rate":0.000291440748052782,"train/top1_accuracy":55.141194661458336,"final/best_epoch":14,"val/top1_accuracy":37.18,"best_val_accuracy":37.18,"final/warmup_epochs":5,"train/loss":2.038790558775266}