{"val/overfitting_gap":17.127958984375,"final/best_val_accuracy":19.78,"train/loss":2.613715489705404,"_wandb":{"runtime":332},"val/loss":3.1858396186828615,"train/top1_accuracy":36.907958984375,"_runtime":332,"val/top5_accuracy":51.56,"_timestamp":1.756161427524224e+09,"objective":19.78,"train/top5_accuracy":72.18221028645833,"epoch":10,"final/learning_rate":0.000444143784546999,"_step":11,"final/best_epoch":10,"val/top1_accuracy":19.78,"learning_rate":1e-07}