{"train/top1_accuracy":56.833902994791664,"final/warmup_epochs":5,"val/top5_accuracy":77.68,"best_val_accuracy":44.05,"val/loss":2.363328699493408,"final/weight_decay":0.06843070316194748,"_runtime":341,"final/best_epoch":14,"_timestamp":1.7562654189211326e+09,"train/top5_accuracy":86.24064127604167,"final/learning_rate":0.0005389557567053946,"learning_rate":0.0003842446895255893,"val/top1_accuracy":44.05,"val/overfitting_gap":12.783902994791667,"final/best_val_accuracy":44.05,"_wandb":{"runtime":341},"train/loss":1.9892772013942401,"_step":15,"objective":44.05,"epoch":14}