{"_runtime":340,"learning_rate":9.83287327427816e-05,"train/top5_accuracy":79.815673828125,"val/top5_accuracy":74.4,"final/weight_decay":0.14796618174997672,"_wandb":{"runtime":340},"_timestamp":1.7562219675238035e+09,"train/loss":2.3332194636265435,"final/warmup_epochs":2,"final/learning_rate":0.00016079865147403943,"train/top1_accuracy":45.928955078125,"epoch":14,"objective":38.11,"_step":15,"val/top1_accuracy":38.11,"val/loss":2.5395268951416017,"final/best_epoch":14,"best_val_accuracy":38.11,"val/overfitting_gap":7.818955078125001,"final/best_val_accuracy":38.11}