{"learning_rate":0.00015423057566345006,"val/top1_accuracy":36.27,"train/top1_accuracy":49.072265625,"val/top5_accuracy":71.69,"objective":36.27,"_timestamp":1.756244372589416e+09,"final/weight_decay":0.13738741252365935,"final/best_val_accuracy":36.27,"_wandb":{"runtime":337},"train/loss":2.228955492377281,"val/overfitting_gap":12.802265624999997,"_step":15,"best_val_accuracy":36.27,"final/warmup_epochs":5,"final/best_epoch":14,"val/loss":2.605492958831787,"_runtime":337,"epoch":14,"final/learning_rate":0.00021630537845554105,"train/top5_accuracy":81.75048828125}