{"val/overfitting_gap":17.510970052083337,"_timestamp":1.7562358560882747e+09,"final/best_val_accuracy":32.9,"final/best_epoch":14,"final/warmup_epochs":2,"_wandb":{"runtime":338},"train/top5_accuracy":82.696533203125,"val/top5_accuracy":67.63,"val/loss":2.7391365325927732,"_runtime":338,"learning_rate":0.00029685737409142687,"epoch":14,"final/weight_decay":0.13479301079647052,"train/loss":2.1722562511761985,"objective":32.9,"final/learning_rate":0.0004855843231699318,"train/top1_accuracy":50.410970052083336,"best_val_accuracy":32.9,"_step":15,"val/top1_accuracy":32.9}