{"_runtime":330,"train/loss":3.0785435189803443,"val/top5_accuracy":30.67,"final/best_val_accuracy":11.58,"_wandb":{"runtime":330},"final/best_epoch":7,"learning_rate":1e-07,"train/top1_accuracy":22.129313151041668,"val/loss":3.662844416427612,"objective":11.58,"final/learning_rate":0.0032715928689605635,"_step":11,"val/top1_accuracy":9.44,"_timestamp":1.756183830540729e+09,"epoch":10,"train/top5_accuracy":55.464680989583336,"val/overfitting_gap":12.689313151041668}