{"val/top1_accuracy":23.1,"final/best_val_accuracy":23.1,"train/top5_accuracy":74.71516927083333,"epoch":10,"final/learning_rate":0.000728621122280659,"_timestamp":1.7561293406208258e+09,"learning_rate":1e-07,"_wandb":{"runtime":332},"_runtime":332,"train/loss":2.5225717971722283,"objective":23.1,"val/overfitting_gap":15.997086588541663,"val/top5_accuracy":56.6,"final/best_epoch":10,"train/top1_accuracy":39.097086588541664,"val/loss":3.048184619140625,"_step":11}