{"epoch":14,"val/top5_accuracy":62.53,"learning_rate":0.00013986972196707858,"val/overfitting_gap":17.561510416666664,"train/top1_accuracy":49.381510416666664,"final/best_epoch":14,"final/best_val_accuracy":31.82,"_step":15,"best_val_accuracy":31.82,"final/learning_rate":0.00022875820630941125,"final/warmup_epochs":2,"_wandb":{"runtime":338},"_runtime":338,"val/loss":2.859411508178711,"objective":31.82,"final/weight_decay":0.09890069502428092,"train/loss":2.2242963314056396,"_timestamp":1.7562560915678895e+09,"train/top5_accuracy":81.73014322916667,"val/top1_accuracy":31.82}