{"final/best_val_accuracy":20.1,"_runtime":334,"epoch":10,"train/top1_accuracy":36.324055989583336,"_timestamp":1.7561810182442873e+09,"objective":20.1,"val/overfitting_gap":16.554055989583336,"train/loss":2.6490395267804465,"train/top5_accuracy":71.84855143229167,"final/learning_rate":0.00029046917791907624,"learning_rate":1e-07,"final/best_epoch":9,"_wandb":{"runtime":334},"_step":11,"val/loss":3.194555249786377,"val/top5_accuracy":51.41,"val/top1_accuracy":19.77}