{"_wandb":{"runtime":340},"epoch":14,"final/best_val_accuracy":35.02,"final/best_epoch":14,"_step":15,"val/overfitting_gap":12.070657552083333,"_timestamp":1.7562465033032696e+09,"learning_rate":0.00010920771880650774,"train/loss":2.3025705168644586,"_runtime":340,"val/loss":2.6885562816619872,"objective":35.02,"train/top1_accuracy":47.090657552083336,"train/top5_accuracy":80.25919596354167,"best_val_accuracy":35.02,"val/top1_accuracy":35.02,"final/weight_decay":0.031681271594209116,"val/top5_accuracy":69.1,"final/learning_rate":0.00016967949130518593,"final/warmup_epochs":3}