{"objective":37.96,"best_val_accuracy":37.96,"learning_rate":0.00046230350497939647,"val/loss":2.5860854629516603,"epoch":14,"_runtime":340,"val/overfitting_gap":14.455611979166662,"_wandb":{"runtime":340},"final/warmup_epochs":2,"final/best_val_accuracy":37.96,"_timestamp":1.7562454344087903e+09,"final/learning_rate":0.0007562482051413487,"_step":15,"final/best_epoch":13,"val/top1_accuracy":37.88,"val/top5_accuracy":72.3,"train/top1_accuracy":52.335611979166664,"train/loss":2.1172278225421906,"train/top5_accuracy":83.660888671875,"final/weight_decay":0.04959883629456531}