{"val/overfitting_gap":17.777112630208336,"objective":17.43,"val/top1_accuracy":17.43,"train/top1_accuracy":35.207112630208336,"learning_rate":1e-07,"final/best_epoch":10,"val/loss":3.338239209365845,"val/top5_accuracy":47.09,"epoch":10,"final/best_val_accuracy":17.43,"final/learning_rate":0.00029044640995964244,"_timestamp":1.7561869982709262e+09,"_wandb":{"runtime":327},"_runtime":327,"train/top5_accuracy":70.068359375,"_step":11,"train/loss":2.69142480691274}