{"epoch":10,"val/top5_accuracy":48.41,"val/overfitting_gap":12.897145182291666,"_timestamp":1.7561961187438579e+09,"final/best_val_accuracy":19.01,"train/top1_accuracy":31.907145182291668,"val/top1_accuracy":19.01,"_wandb":{"runtime":247},"_runtime":247,"objective":19.01,"val/loss":3.251331735992432,"train/top5_accuracy":67.6513671875,"learning_rate":1e-07,"final/best_epoch":10,"train/loss":2.811013807853063,"_step":11,"final/learning_rate":0.00017455186733245486}