{"final/best_val_accuracy":22.27,"_runtime":330,"val/top1_accuracy":22.27,"learning_rate":1e-07,"val/top5_accuracy":52.46,"train/loss":2.647845114270846,"train/top5_accuracy":71.8994140625,"_wandb":{"runtime":330},"epoch":10,"val/overfitting_gap":14.481302083333336,"val/loss":3.1502276592254637,"train/top1_accuracy":36.751302083333336,"_step":11,"_timestamp":1.7561425427171066e+09,"final/learning_rate":0.0002905600968790519,"final/best_epoch":10,"objective":22.27}