{"val/loss":3.269509833908081,"_timestamp":1.7561314470029614e+09,"val/top1_accuracy":17.9,"_wandb":{"runtime":326},"val/top5_accuracy":48.21,"final/best_epoch":10,"train/top5_accuracy":60.94970703125,"epoch":10,"learning_rate":1e-07,"final/best_val_accuracy":17.9,"objective":17.9,"train/loss":3.0465619216362634,"val/overfitting_gap":7.751041666666669,"_runtime":326,"train/top1_accuracy":25.651041666666668,"_step":11,"final/learning_rate":0.0001032283269158434}