{"final/best_epoch":14,"train/top5_accuracy":82.48087565104167,"_wandb":{"runtime":337},"final/best_val_accuracy":35.94,"best_val_accuracy":35.94,"learning_rate":0.0001389546888445417,"train/top1_accuracy":49.855550130208336,"final/learning_rate":0.00021591339759614528,"val/top5_accuracy":69.32,"val/loss":2.652656016921997,"objective":35.94,"final/warmup_epochs":3,"_step":15,"_timestamp":1.7562757817717018e+09,"final/weight_decay":0.14361341562897154,"train/loss":2.2074853479862213,"val/top1_accuracy":35.94,"_runtime":337,"epoch":14,"val/overfitting_gap":13.915550130208338}