{"_runtime":341,"val/top5_accuracy":58.86,"final/best_epoch":14,"_timestamp":1.7562472113493197e+09,"final/best_val_accuracy":25.63,"_step":15,"final/warmup_epochs":5,"val/loss":2.985598261642456,"train/loss":2.4866899053255715,"_wandb":{"runtime":341},"learning_rate":8.321039939821743e-05,"objective":25.63,"epoch":14,"train/top1_accuracy":42.095947265625,"val/top1_accuracy":25.63,"best_val_accuracy":25.63,"final/learning_rate":0.00011668241901800603,"val/overfitting_gap":16.465947265625,"train/top5_accuracy":76.63981119791667,"final/weight_decay":0.09546529734184622}