{"final/weight_decay":0.11193696183742124,"learning_rate":0.0004870264838270409,"train/top5_accuracy":85.25797526041667,"_runtime":337,"epoch":14,"objective":40.13,"final/best_epoch":14,"val/top1_accuracy":40.13,"final/best_val_accuracy":40.13,"_wandb":{"runtime":337},"val/overfitting_gap":14.968470052083333,"final/warmup_epochs":5,"_timestamp":1.7562658041396072e+09,"val/loss":2.51239792137146,"final/learning_rate":0.0006831320607231475,"train/loss":2.0334873124957085,"val/top5_accuracy":73.81,"_step":15,"train/top1_accuracy":55.098470052083336,"best_val_accuracy":40.13}