{"learning_rate":6.918454375447728e-05,"best_val_accuracy":27.62,"train/top1_accuracy":40.421549479166664,"_timestamp":1.7562711600436442e+09,"_step":15,"final/best_epoch":14,"final/best_val_accuracy":27.62,"final/learning_rate":0.00011311981313466152,"objective":27.62,"val/top5_accuracy":61.36,"_wandb":{"runtime":341},"val/overfitting_gap":12.801549479166663,"final/weight_decay":0.11179679865247943,"epoch":14,"val/loss":2.9279948001861573,"train/top5_accuracy":75.555419921875,"_runtime":341,"val/top1_accuracy":27.62,"final/warmup_epochs":2,"train/loss":2.5244812866051993}