{"_step":15,"_timestamp":1.7562707902133908e+09,"train/top5_accuracy":85.308837890625,"final/weight_decay":0.1403377374275723,"learning_rate":0.0002898956192196536,"final/learning_rate":0.0004741951441736361,"final/best_epoch":14,"train/loss":2.0242637073000274,"val/loss":2.581186591720581,"objective":38.83,"_runtime":338,"train/top1_accuracy":55.653889973958336,"epoch":14,"best_val_accuracy":38.83,"val/overfitting_gap":16.823889973958337,"final/best_val_accuracy":38.83,"_wandb":{"runtime":338},"val/top5_accuracy":71.64,"final/warmup_epochs":2,"val/top1_accuracy":38.83}