{"val/overfitting_gap":15.972412109375,"_timestamp":1.7561579537466888e+09,"train/top1_accuracy":40.472412109375,"final/best_val_accuracy":24.5,"train/top5_accuracy":75.5615234375,"_wandb":{"runtime":327},"final/best_epoch":10,"train/loss":2.513387054204941,"epoch":10,"final/learning_rate":0.0003649012405938241,"val/loss":3.026801155090332,"_runtime":327,"val/top1_accuracy":24.5,"val/top5_accuracy":57.02,"learning_rate":1e-07,"objective":24.5,"_step":11}