{"_wandb":{"runtime":340},"final/best_val_accuracy":34.82,"_step":15,"val/top5_accuracy":69.13,"epoch":14,"final/warmup_epochs":5,"val/loss":2.6647336574554443,"final/best_epoch":14,"objective":34.82,"final/learning_rate":0.00015509257494027097,"best_val_accuracy":34.82,"train/loss":2.3000710556904473,"_runtime":340,"val/top1_accuracy":34.82,"final/weight_decay":0.03473990081481103,"learning_rate":0.0001105926018480929,"_timestamp":1.7562425976704526e+09,"train/top1_accuracy":47.365315755208336,"val/overfitting_gap":12.545315755208335,"train/top5_accuracy":80.66609700520833}