{"val/overfitting_gap":17.448831380208336,"final/learning_rate":0.0004471130172332608,"val/top5_accuracy":47.04,"train/top1_accuracy":34.718831380208336,"train/top5_accuracy":69.76725260416667,"_step":11,"learning_rate":1e-07,"objective":17.27,"final/best_epoch":10,"val/top1_accuracy":17.27,"train/loss":2.690213069319725,"final/best_val_accuracy":17.27,"val/loss":3.358847346878052,"_runtime":332,"_wandb":{"runtime":332},"_timestamp":1.7561387319460394e+09,"epoch":10}