{"final/learning_rate":0.00029853602916461735,"_timestamp":1.7562643257828252e+09,"_step":15,"epoch":14,"val/overfitting_gap":15.888942057291665,"final/weight_decay":0.122354407934979,"best_val_accuracy":35.11,"train/loss":2.162263974547386,"_runtime":340,"final/best_epoch":14,"train/top5_accuracy":83.0078125,"val/top1_accuracy":35.11,"learning_rate":0.00019211422354324523,"val/loss":2.7007160861968993,"objective":35.11,"final/best_val_accuracy":35.11,"train/top1_accuracy":50.998942057291664,"_wandb":{"runtime":340},"final/warmup_epochs":3,"val/top5_accuracy":68.3}