{"train/top1_accuracy":45.756022135416664,"val/top1_accuracy":34.38,"val/overfitting_gap":11.376022135416662,"objective":34.38,"_timestamp":1.7562532625266423e+09,"final/weight_decay":0.045240450728276205,"final/warmup_epochs":3,"final/best_epoch":14,"best_val_accuracy":34.38,"_runtime":344,"val/top5_accuracy":70.17,"train/loss":2.3676140507062278,"final/best_val_accuracy":34.38,"val/loss":2.6739722053527832,"_wandb":{"runtime":344},"_step":15,"final/learning_rate":0.00012720872712515438,"learning_rate":8.188196048522019e-05,"epoch":14,"train/top5_accuracy":79.6142578125}