{"_timestamp":1.7562747150378711e+09,"final/best_val_accuracy":39.06,"final/warmup_epochs":5,"final/learning_rate":0.0007803599189479788,"val/loss":2.5840745334625246,"val/overfitting_gap":19.279436848958333,"epoch":14,"final/weight_decay":0.08274830987974996,"train/loss":1.9431976055105527,"train/top5_accuracy":86.77571614583333,"val/top1_accuracy":39.06,"val/top5_accuracy":72.04,"learning_rate":0.0005563392172371354,"train/top1_accuracy":58.339436848958336,"_runtime":342,"final/best_epoch":14,"_step":15,"_wandb":{"runtime":342},"objective":39.06,"best_val_accuracy":39.06}