{"objective":30.53,"train/top1_accuracy":50.982666015625,"val/top5_accuracy":64.32,"final/best_epoch":14,"final/weight_decay":0.02689661542533348,"epoch":14,"learning_rate":0.00046810110981696944,"train/top5_accuracy":82.99560546875,"final/learning_rate":0.0007657328768169654,"best_val_accuracy":30.53,"final/warmup_epochs":2,"val/loss":2.872645693588257,"_wandb":{"runtime":336},"train/loss":2.158094863096873,"_timestamp":1.7562754270338955e+09,"final/best_val_accuracy":30.53,"_step":15,"val/top1_accuracy":30.53,"_runtime":336,"val/overfitting_gap":20.452666015625}