{"val/loss":2.8940841278076173,"_runtime":325,"train/top5_accuracy":75.604248046875,"learning_rate":1e-07,"final/learning_rate":0.0004460594627694431,"objective":27.45,"_step":11,"val/top5_accuracy":62.26,"_wandb":{"runtime":325},"val/overfitting_gap":13.083447265625,"train/loss":2.5102936724821725,"epoch":10,"final/best_epoch":10,"train/top1_accuracy":40.533447265625,"_timestamp":1.7561373524603612e+09,"val/top1_accuracy":27.45,"final/best_val_accuracy":27.45}