{"final/learning_rate":0.0001459967034009984,"val/loss":2.675871692657471,"final/best_val_accuracy":34.13,"_wandb":{"runtime":338},"learning_rate":0.00010410824920837749,"final/best_epoch":14,"objective":34.13,"train/top1_accuracy":45.627848307291664,"_step":15,"train/top5_accuracy":79.30094401041667,"final/weight_decay":0.08834343830729419,"best_val_accuracy":34.13,"epoch":14,"_timestamp":1.7562486325386548e+09,"val/top5_accuracy":69.67,"final/warmup_epochs":5,"train/loss":2.3504798859357834,"val/overfitting_gap":11.497848307291662,"val/top1_accuracy":34.13,"_runtime":338}