{"val/overfitting_gap":14.913336588541664,"train/loss":2.6373868584632874,"final/best_val_accuracy":21.98,"epoch":10,"train/top5_accuracy":71.97672526041667,"val/top1_accuracy":21.84,"final/best_epoch":9,"objective":21.98,"val/loss":3.11378115234375,"_step":11,"_timestamp":1.7561335335531561e+09,"_runtime":331,"learning_rate":1e-07,"final/learning_rate":0.00026887568375574594,"val/top5_accuracy":54.28,"_wandb":{"runtime":331},"train/top1_accuracy":36.753336588541664}