{"final/best_epoch":14,"train/top1_accuracy":46.6064453125,"objective":30.87,"train/top5_accuracy":80.035400390625,"val/loss":2.83158830909729,"final/warmup_epochs":2,"final/learning_rate":0.00016635245553580898,"train/loss":2.3194112529357276,"best_val_accuracy":30.87,"final/best_val_accuracy":30.87,"epoch":14,"_runtime":339,"_step":15,"_timestamp":1.7562514817177427e+09,"learning_rate":0.00010172355360708394,"val/top1_accuracy":30.87,"final/weight_decay":0.11068764080059622,"val/top5_accuracy":64.73,"_wandb":{"runtime":339},"val/overfitting_gap":15.736445312499999}