{"_timestamp":1.7561432338416908e+09,"val/loss":3.5461647369384766,"_runtime":325,"val/overfitting_gap":12.909733072916667,"val/top1_accuracy":12.9,"final/best_epoch":10,"final/learning_rate":0.0022421813265794907,"val/top5_accuracy":38.09,"train/top1_accuracy":25.809733072916668,"epoch":10,"objective":12.9,"final/best_val_accuracy":12.9,"_wandb":{"runtime":325},"train/loss":2.963761876026789,"learning_rate":1e-07,"_step":11,"train/top5_accuracy":60.066731770833336}