{"_step":11,"val/overfitting_gap":16.282568359375,"train/top5_accuracy":64.86002604166667,"final/best_val_accuracy":13.35,"_runtime":334,"train/top1_accuracy":29.632568359375,"val/top1_accuracy":13.35,"_wandb":{"runtime":334},"epoch":10,"final/learning_rate":0.00155466574082983,"val/top5_accuracy":38.38,"learning_rate":1e-07,"val/loss":3.5494169052124023,"final/best_epoch":10,"_timestamp":1.7561307527213564e+09,"objective":13.35,"train/loss":2.820710763335228}