{"val/overfitting_gap":15.648736979166664,"best_val_accuracy":38.64,"epoch":14,"final/learning_rate":0.0002992472342608699,"train/top1_accuracy":54.288736979166664,"learning_rate":0.00021335896586905731,"final/best_val_accuracy":38.64,"_runtime":336,"val/top1_accuracy":38.64,"_wandb":{"runtime":336},"_timestamp":1.756247565336319e+09,"val/top5_accuracy":72.45,"val/loss":2.5696806888580324,"final/best_epoch":14,"train/loss":2.0610372722148895,"_step":15,"train/top5_accuracy":84.85921223958333,"objective":38.64,"final/weight_decay":0.10544218426723768,"final/warmup_epochs":5}