{"final/best_val_accuracy":20.73,"objective":20.73,"val/top5_accuracy":52.45,"learning_rate":1e-07,"epoch":10,"_wandb":{"runtime":333},"final/best_epoch":9,"val/top1_accuracy":20.6,"train/loss":2.621068681279818,"val/overfitting_gap":16.859309895833334,"train/top1_accuracy":37.459309895833336,"train/top5_accuracy":72.967529296875,"_step":11,"_runtime":333,"val/loss":3.1663352798461912,"_timestamp":1.7561631635384765e+09,"final/learning_rate":0.0002678559539784056}