{"train/top5_accuracy":71.79158528645833,"objective":22.43,"_wandb":{"runtime":340},"_runtime":340,"final/best_epoch":10,"val/top1_accuracy":22.43,"train/top1_accuracy":36.393229166666664,"final/learning_rate":0.00026858705464031125,"final/best_val_accuracy":22.43,"_step":11,"val/loss":3.0985391857147215,"val/overfitting_gap":13.963229166666665,"epoch":10,"val/top5_accuracy":55.08,"train/loss":2.6539810051520667,"learning_rate":1e-07,"_timestamp":1.7561470768294358e+09}