{"val/loss":3.0377330337524415,"final/weight_decay":0.07226584942165037,"final/warmup_epochs":2,"train/loss":2.216460704803467,"train/top1_accuracy":49.27978515625,"_runtime":338,"val/top5_accuracy":58.64,"train/top5_accuracy":81.81966145833333,"epoch":14,"final/learning_rate":0.000511048877008465,"objective":28.88,"learning_rate":0.00031242284916216005,"val/top1_accuracy":27.19,"best_val_accuracy":28.88,"final/best_val_accuracy":28.88,"val/overfitting_gap":22.08978515625,"_step":15,"final/best_epoch":13,"_timestamp":1.7562183978305695e+09,"_wandb":{"runtime":338}}