{"val/top5_accuracy":70.86,"train/top1_accuracy":49.843343098958336,"final/best_epoch":14,"best_val_accuracy":36.04,"objective":36.04,"_timestamp":1.7562180420089343e+09,"_step":15,"final/learning_rate":0.000269902309283764,"train/top5_accuracy":82.21435546875,"val/overfitting_gap":13.803343098958337,"_wandb":{"runtime":337},"val/top1_accuracy":36.04,"final/best_val_accuracy":36.04,"val/loss":2.623392561721802,"train/loss":2.1963145484526954,"learning_rate":0.00016501948556457854,"epoch":14,"final/weight_decay":0.09672593559060444,"final/warmup_epochs":2,"_runtime":337}