{"val/loss":2.9166296752929686,"epoch":14,"val/overfitting_gap":14.78322265625,"objective":27.38,"best_val_accuracy":27.38,"train/top5_accuracy":76.67236328125,"_runtime":340,"val/top1_accuracy":27.27,"final/best_epoch":13,"learning_rate":6.402244065539175e-05,"final/warmup_epochs":2,"final/best_val_accuracy":27.38,"val/top5_accuracy":61.5,"final/learning_rate":0.00010467479930184324,"train/loss":2.4887293378512063,"train/top1_accuracy":42.05322265625,"final/weight_decay":0.04212346871452233,"_step":15,"_timestamp":1.7562283731292365e+09,"_wandb":{"runtime":340}}