{"val/top5_accuracy":60.65,"final/best_val_accuracy":26.16,"objective":26.16,"_runtime":333,"epoch":10,"val/overfitting_gap":13.962477213541664,"train/loss":2.4988482147455215,"val/loss":2.93200532913208,"train/top1_accuracy":40.122477213541664,"learning_rate":1e-07,"_step":11,"_timestamp":1.7561827679096184e+09,"_wandb":{"runtime":333},"train/top5_accuracy":75.44962565104167,"final/best_epoch":10,"val/top1_accuracy":26.16,"final/learning_rate":0.0004464457550504543}