{"val/loss":3.042579002761841,"_timestamp":1.7562479228504658e+09,"final/best_epoch":14,"objective":26.54,"final/learning_rate":0.0009314438309173311,"_step":15,"train/loss":2.3263654758532843,"_wandb":{"runtime":340},"final/best_val_accuracy":26.54,"val/overfitting_gap":18.847776692708337,"final/warmup_epochs":2,"best_val_accuracy":26.54,"train/top5_accuracy":79.31315104166667,"val/top1_accuracy":26.54,"learning_rate":0.0005693936650037524,"final/weight_decay":0.054256064829622024,"_runtime":340,"epoch":14,"val/top5_accuracy":58.31,"train/top1_accuracy":45.387776692708336}