{"final/warmup_epochs":3,"_runtime":343,"final/best_epoch":14,"objective":33.12,"learning_rate":0.00010385897224360377,"train/top5_accuracy":79.58170572916667,"train/loss":2.3469073524077735,"train/top1_accuracy":45.554606119791664,"val/top5_accuracy":68.32,"_timestamp":1.7562496984765725e+09,"val/top1_accuracy":33.12,"best_val_accuracy":33.12,"final/learning_rate":0.0001613662598383441,"final/weight_decay":0.1313135933466139,"_step":15,"_wandb":{"runtime":343},"val/overfitting_gap":12.434606119791667,"val/loss":2.6950604572296144,"final/best_val_accuracy":33.12,"epoch":14}