{"train/top1_accuracy":43.84765625,"_timestamp":1.7562255183843937e+09,"epoch":14,"val/top1_accuracy":33.13,"final/warmup_epochs":5,"val/top5_accuracy":69.16,"_step":15,"final/learning_rate":0.00012945396990007353,"objective":33.86,"_wandb":{"runtime":337},"final/best_epoch":13,"best_val_accuracy":33.86,"_runtime":337,"train/loss":2.410037105282148,"learning_rate":9.231510578262836e-05,"final/weight_decay":0.06036272614936558,"train/top5_accuracy":78.25113932291667,"val/overfitting_gap":10.717656249999997,"val/loss":2.7015501174926757,"final/best_val_accuracy":33.86}