{"train/top5_accuracy":45.367431640625,"learning_rate":1e-07,"final/best_epoch":10,"val/top1_accuracy":14.3,"val/overfitting_gap":1.7237630208333314,"train/top1_accuracy":16.023763020833332,"_wandb":{"runtime":332},"final/learning_rate":0.002241051476717017,"final/best_val_accuracy":14.3,"_timestamp":1.7561551445715911e+09,"_runtime":332,"val/top5_accuracy":42.21,"objective":14.3,"val/loss":3.3732452991485595,"train/loss":3.306185618042946,"epoch":10,"_step":11}