{"final/best_epoch":10,"_timestamp":1.756146373618579e+09,"train/top1_accuracy":37.186686197916664,"train/loss":2.6359427769978843,"val/overfitting_gap":15.446686197916666,"final/best_val_accuracy":21.74,"_runtime":334,"learning_rate":1e-07,"val/top5_accuracy":53.9,"val/top1_accuracy":21.74,"_wandb":{"runtime":334},"objective":21.74,"epoch":10,"val/loss":3.1301624549865723,"train/top5_accuracy":72.47721354166667,"final/learning_rate":0.00029065591118152743,"_step":11}