{"objective":21.67,"_timestamp":1.7561282704969049e+09,"val/loss":3.17796503944397,"val/top1_accuracy":20.84,"_step":11,"learning_rate":1e-07,"_runtime":329,"train/top1_accuracy":35.880533854166664,"_wandb":{"runtime":329},"val/overfitting_gap":15.040533854166664,"epoch":10,"final/learning_rate":0.002241797189315153,"final/best_epoch":9,"val/top5_accuracy":52.97,"train/top5_accuracy":71.61051432291667,"final/best_val_accuracy":21.67,"train/loss":2.631399631500244}