{"epoch":14,"train/loss":2.367981567978859,"final/learning_rate":0.00016014979407579817,"val/loss":2.8553469802856446,"best_val_accuracy":30.2,"final/warmup_epochs":2,"learning_rate":9.793211186653024e-05,"val/top1_accuracy":30.2,"final/weight_decay":0.06815820544712058,"_runtime":338,"objective":30.2,"final/best_val_accuracy":30.2,"_wandb":{"runtime":338},"val/overfitting_gap":14.9171875,"final/best_epoch":14,"val/top5_accuracy":64.5,"_timestamp":1.7562152097031484e+09,"train/top5_accuracy":78.94083658854167,"_step":15,"train/top1_accuracy":45.1171875}