{"val/top5_accuracy":60.7,"_step":11,"train/top5_accuracy":73.39680989583333,"val/loss":2.9565185760498047,"final/best_epoch":9,"final/best_val_accuracy":25.39,"train/loss":2.553044314185778,"objective":25.39,"epoch":10,"final/learning_rate":0.0016092760497569386,"_timestamp":1.7561817231746666e+09,"val/top1_accuracy":25.35,"train/top1_accuracy":38.260904947916664,"_wandb":{"runtime":333},"learning_rate":1e-07,"_runtime":333,"val/overfitting_gap":12.910904947916663}