{"_step":15,"train/loss":2.0740305880705514,"final/learning_rate":0.000848057836085725,"train/top1_accuracy":53.810628255208336,"val/top1_accuracy":43.55,"val/top5_accuracy":77.79,"final/best_val_accuracy":43.55,"objective":43.55,"final/warmup_epochs":2,"epoch":14,"train/top5_accuracy":84.41162109375,"final/weight_decay":0.07824529229105705,"_runtime":341,"final/best_epoch":14,"learning_rate":0.0005184231028635484,"val/overfitting_gap":10.260628255208339,"val/loss":2.3793835441589355,"_wandb":{"runtime":341},"best_val_accuracy":43.55,"_timestamp":1.756232308915086e+09}