{"best_val_accuracy":28.46,"train/top5_accuracy":81.53279622395833,"train/top1_accuracy":49.15771484375,"val/top1_accuracy":26.25,"_wandb":{"runtime":341},"val/loss":3.0087376419067384,"train/loss":2.214452236890793,"final/warmup_epochs":2,"learning_rate":0.0004900976426362375,"final/weight_decay":0.14265684325614172,"val/overfitting_gap":22.90771484375,"objective":28.46,"_runtime":341,"epoch":14,"_step":15,"final/learning_rate":0.0008017184083662455,"_timestamp":1.756241884751593e+09,"final/best_epoch":13,"val/top5_accuracy":59.56,"final/best_val_accuracy":28.46}