{"_wandb":{"runtime":335},"final/learning_rate":0.0002690695056518151,"_step":11,"train/top1_accuracy":39.353434244791664,"val/top5_accuracy":58.03,"train/loss":2.5776823858420053,"_runtime":335,"train/top5_accuracy":74.15771484375,"epoch":10,"val/top1_accuracy":25.52,"val/overfitting_gap":13.833434244791665,"_timestamp":1.7561435879785132e+09,"objective":25.57,"final/best_epoch":9,"final/best_val_accuracy":25.57,"val/loss":2.9954404384613036,"learning_rate":1e-07}