{"val/overfitting_gap":16.221874999999997,"val/loss":2.49302642326355,"final/best_epoch":14,"best_val_accuracy":41.2,"train/top1_accuracy":57.421875,"objective":41.2,"final/learning_rate":0.0009307347996884392,"_wandb":{"runtime":334},"final/weight_decay":0.036389994505745274,"_timestamp":1.7562372660022433e+09,"train/top5_accuracy":86.35457356770833,"train/loss":1.9693625470002492,"val/top1_accuracy":41.2,"_step":15,"epoch":14,"final/best_val_accuracy":41.2,"learning_rate":0.0006635399127027926,"final/warmup_epochs":5,"_runtime":334,"val/top5_accuracy":74}