{"train/top1_accuracy":34.952799479166664,"final/learning_rate":0.0002899420274810658,"_wandb":{"runtime":336},"final/best_val_accuracy":18.74,"learning_rate":1e-07,"objective":18.74,"val/top5_accuracy":48.57,"train/top5_accuracy":70.86181640625,"val/overfitting_gap":16.612799479166664,"train/loss":2.6682496865590415,"val/top1_accuracy":18.34,"epoch":10,"val/loss":3.2521405773162844,"_timestamp":1.7561562041951787e+09,"_runtime":336,"final/best_epoch":7,"_step":11}