{"val/top5_accuracy":55.6,"final/best_epoch":9,"final/best_val_accuracy":23.01,"epoch":10,"_step":11,"_wandb":{"runtime":334},"final/learning_rate":0.0003930926578164195,"val/top1_accuracy":22.1,"train/top1_accuracy":38.4765625,"train/top5_accuracy":74.10481770833333,"val/overfitting_gap":16.3765625,"_runtime":334,"val/loss":3.0797688999176027,"objective":23.01,"train/loss":2.5625724345445633,"_timestamp":1.7561286182692773e+09,"learning_rate":1e-07}