{"_step":11,"learning_rate":1e-07,"_wandb":{"runtime":323},"val/loss":3.4222899730682372,"val/top5_accuracy":42.79,"train/top5_accuracy":68.30851236979167,"final/best_epoch":10,"final/best_val_accuracy":14.74,"_timestamp":1.756193677479105e+09,"val/overfitting_gap":18.060292968749998,"epoch":10,"train/top1_accuracy":32.80029296875,"final/learning_rate":0.0005214402129369163,"_runtime":323,"val/top1_accuracy":14.74,"objective":14.74,"train/loss":2.7315451900164285}