{"final/best_val_accuracy":21.73,"_runtime":333,"learning_rate":1e-07,"final/best_epoch":10,"train/top5_accuracy":71.52099609375,"epoch":10,"_wandb":{"runtime":333},"train/top1_accuracy":36.5234375,"objective":21.73,"val/overfitting_gap":14.7934375,"val/top1_accuracy":21.73,"val/loss":3.1304950885772707,"final/learning_rate":0.00026811197808068824,"train/loss":2.6644680947065353,"_timestamp":1.7561718772318668e+09,"val/top5_accuracy":54.06,"_step":11}