{"objective":37.44,"_runtime":340,"final/warmup_epochs":5,"final/learning_rate":0.0004010093260873378,"final/best_epoch":14,"val/top5_accuracy":72.71,"train/top5_accuracy":84.23665364583333,"_wandb":{"runtime":340},"learning_rate":0.00028590410746531786,"train/loss":2.0955725436409316,"val/loss":2.576278648376465,"final/best_val_accuracy":37.44,"best_val_accuracy":37.44,"final/weight_decay":0.13573910545902643,"_step":15,"_timestamp":1.7562568308982682e+09,"val/overfitting_gap":15.440859375000002,"train/top1_accuracy":52.880859375,"epoch":14,"val/top1_accuracy":37.44}