{"epoch":14,"_timestamp":1.7562365645479314e+09,"_runtime":340,"final/learning_rate":0.0006303447750527774,"train/top1_accuracy":49.711100260416664,"val/top1_accuracy":36.48,"val/top5_accuracy":71.16,"train/loss":2.1933744102716446,"train/top5_accuracy":82.11466471354167,"best_val_accuracy":36.48,"final/best_val_accuracy":36.48,"val/overfitting_gap":13.231100260416667,"_step":15,"objective":36.48,"_wandb":{"runtime":340},"val/loss":2.599651418685913,"final/weight_decay":0.10742184576805132,"final/warmup_epochs":2,"final/best_epoch":14,"learning_rate":0.00038534371550930384}