{"_runtime":341,"_step":15,"train/loss":2.3601965655883155,"val/overfitting_gap":16.37615234375,"train/top1_accuracy":45.05615234375,"best_val_accuracy":28.68,"val/loss":2.881322220611572,"final/best_val_accuracy":28.68,"val/top5_accuracy":62.54,"train/top5_accuracy":79.29280598958333,"_wandb":{"runtime":341},"learning_rate":9.443281619168828e-05,"objective":28.68,"_timestamp":1.7562415292899494e+09,"val/top1_accuracy":28.68,"final/warmup_epochs":2,"epoch":14,"final/learning_rate":0.00015442507300534962,"final/weight_decay":0.05954253262736149,"final/best_epoch":14}