{"final/warmup_epochs":3,"train/loss":2.2063642839590707,"val/loss":2.541522338104248,"val/top1_accuracy":37.33,"objective":37.33,"learning_rate":0.00018639222983012066,"_wandb":{"runtime":345},"best_val_accuracy":37.33,"val/top5_accuracy":73.93,"val/overfitting_gap":11.803300781250002,"epoch":14,"_step":15,"train/top1_accuracy":49.13330078125,"train/top5_accuracy":82.073974609375,"final/best_val_accuracy":37.33,"_timestamp":1.7562690076965582e+09,"final/best_epoch":14,"_runtime":345,"final/weight_decay":0.022144895539554964,"final/learning_rate":0.0002896426823534362}