{"train/top5_accuracy":72.161865234375,"val/top5_accuracy":50.43,"_timestamp":1.7561729154159837e+09,"train/loss":2.635623683532079,"final/learning_rate":0.00029027566219301087,"learning_rate":1e-07,"val/top1_accuracy":19.42,"final/best_val_accuracy":19.42,"_step":11,"train/top1_accuracy":36.655680338541664,"objective":19.42,"epoch":10,"val/overfitting_gap":17.235680338541663,"val/loss":3.2269922336578367,"_wandb":{"runtime":327},"final/best_epoch":10,"_runtime":327}