{"val/top5_accuracy":47.09,"final/best_epoch":8,"_timestamp":1.7561715253188236e+09,"learning_rate":1e-07,"final/best_val_accuracy":18.81,"val/loss":3.293467470550537,"train/loss":2.7123579333225885,"final/learning_rate":0.0002687458687689337,"_runtime":334,"_wandb":{"runtime":334},"train/top5_accuracy":69.80183919270833,"objective":18.81,"_step":11,"epoch":10,"train/top1_accuracy":33.817545572916664,"val/top1_accuracy":18.04,"val/overfitting_gap":15.777545572916665}