{"final/best_epoch":8,"_step":11,"final/best_val_accuracy":19.29,"val/top5_accuracy":51.24,"train/top5_accuracy":74.36116536458333,"final/learning_rate":0.0004383590082793221,"_runtime":328,"epoch":10,"learning_rate":1e-07,"_wandb":{"runtime":328},"objective":19.29,"train/top1_accuracy":38.720703125,"val/overfitting_gap":19.580703125,"val/top1_accuracy":19.14,"_timestamp":1.7561880282835763e+09,"val/loss":3.205370299911499,"train/loss":2.54983127117157}