{"final/best_epoch":14,"train/loss":2.1248023584485054,"final/learning_rate":0.0003036976200649911,"train/top5_accuracy":83.50626627604167,"_timestamp":1.7562401031827748e+09,"epoch":14,"val/top5_accuracy":68.48,"val/loss":2.6800485691070555,"val/overfitting_gap":16.953160807291667,"_runtime":337,"_wandb":{"runtime":337},"best_val_accuracy":35.12,"val/top1_accuracy":35.12,"final/best_val_accuracy":35.12,"objective":35.12,"learning_rate":0.0001954351994715116,"train/top1_accuracy":52.073160807291664,"_step":15,"final/weight_decay":0.054708491308661275,"final/warmup_epochs":3}