{"val/top5_accuracy":67.12,"val/loss":2.752483680343628,"final/best_val_accuracy":31.89,"val/overfitting_gap":12.671767578125,"best_val_accuracy":31.89,"train/top1_accuracy":44.561767578125,"final/warmup_epochs":3,"objective":31.89,"final/best_epoch":14,"_timestamp":1.7562294400644717e+09,"val/top1_accuracy":31.89,"train/top5_accuracy":78.692626953125,"_step":15,"epoch":14,"final/learning_rate":0.00012737777494939662,"_wandb":{"runtime":339},"_runtime":339,"final/weight_decay":0.038024641878608,"train/loss":2.3935525168975196,"learning_rate":8.199072612857904e-05}