{"train/top1_accuracy":25.435384114583332,"val/top5_accuracy":59.66,"objective":24.01,"_runtime":331,"_wandb":{"runtime":331},"final/best_epoch":10,"val/top1_accuracy":24.01,"final/best_val_accuracy":24.01,"final/learning_rate":0.0022415463976129648,"val/loss":2.9940840309143066,"_timestamp":1.756179954465246e+09,"val/overfitting_gap":1.4253841145833306,"_step":11,"epoch":10,"learning_rate":1e-07,"train/top5_accuracy":61.161295572916664,"train/loss":2.958658034602801}