{"final/best_val_accuracy":19.75,"_timestamp":1.7561505684228458e+09,"objective":19.75,"_runtime":333,"val/overfitting_gap":18.630940755208336,"train/top5_accuracy":73.67757161458333,"val/loss":3.242149812698364,"val/top5_accuracy":50.37,"epoch":10,"train/loss":2.5681759119033813,"_step":11,"final/learning_rate":0.0004448001385310562,"val/top1_accuracy":19.75,"train/top1_accuracy":38.380940755208336,"learning_rate":1e-07,"final/best_epoch":10,"_wandb":{"runtime":333}}