{"final/learning_rate":0.00044527972039335264,"final/best_val_accuracy":18.41,"learning_rate":1e-07,"val/top1_accuracy":17.97,"val/overfitting_gap":18.116018880208337,"_wandb":{"runtime":333},"_timestamp":1.7561824202896795e+09,"train/top1_accuracy":36.086018880208336,"_runtime":333,"objective":18.41,"_step":11,"train/top5_accuracy":71.70817057291667,"val/loss":3.280443469238281,"epoch":10,"train/loss":2.6346953362226486,"val/top5_accuracy":48.15,"final/best_epoch":9}