{"_wandb":{"runtime":341},"_step":15,"objective":32,"val/loss":2.7745499404907226,"final/warmup_epochs":3,"final/learning_rate":0.00012364430136686152,"train/top5_accuracy":78.57259114583333,"train/loss":2.4147143363952637,"_runtime":341,"val/top5_accuracy":67.1,"final/weight_decay":0.1216511215893762,"best_val_accuracy":32,"train/top1_accuracy":44.248453776041664,"learning_rate":7.958860319095512e-05,"_timestamp":1.7562579106883452e+09,"final/best_val_accuracy":32,"final/best_epoch":13,"epoch":14,"val/top1_accuracy":30.61,"val/overfitting_gap":13.638453776041665}