{"final/learning_rate":0.0001909141925748478,"train/top5_accuracy":81.46769205729167,"_runtime":335,"final/warmup_epochs":5,"final/best_val_accuracy":33.32,"val/top1_accuracy":33.32,"train/top1_accuracy":48.4375,"train/loss":2.247932622830073,"val/overfitting_gap":15.1175,"_timestamp":1.7562521989615111e+09,"objective":33.32,"learning_rate":0.0001361294621549639,"epoch":14,"final/best_epoch":14,"_step":15,"_wandb":{"runtime":335},"best_val_accuracy":33.32,"val/top5_accuracy":67.59,"val/loss":2.6966267921447753,"final/weight_decay":0.028347271252948995}