{"final/learning_rate":0.0002953461798394908,"final/warmup_epochs":3,"final/best_val_accuracy":35.06,"_wandb":{"runtime":337},"train/loss":2.224876115719477,"val/loss":2.6806393642425537,"train/top5_accuracy":81.53889973958333,"learning_rate":0.00019006186933152825,"val/overfitting_gap":14.312467447916667,"_step":15,"epoch":14,"final/best_epoch":13,"objective":35.06,"train/top1_accuracy":48.612467447916664,"final/weight_decay":0.1404418038451888,"best_val_accuracy":35.06,"val/top1_accuracy":34.3,"_timestamp":1.7562429510545127e+09,"_runtime":337,"val/top5_accuracy":69.65}