{"final/weight_decay":0.019049620006890228,"_timestamp":1.7562333706128073e+09,"train/loss":2.131940891345342,"val/overfitting_gap":21.296848958333335,"_runtime":337,"train/top1_accuracy":51.936848958333336,"best_val_accuracy":30.64,"val/loss":2.8539371925354002,"final/warmup_epochs":2,"final/best_epoch":14,"objective":30.64,"train/top5_accuracy":83.721923828125,"final/best_val_accuracy":30.64,"val/top5_accuracy":63.92,"final/learning_rate":0.00035369856995780274,"_step":15,"learning_rate":0.00021624082699521466,"_wandb":{"runtime":337},"epoch":14,"val/top1_accuracy":30.64}