{"epoch":14,"val/overfitting_gap":14.484033203125001,"final/best_val_accuracy":41.65,"_step":15,"final/warmup_epochs":5,"_wandb":{"runtime":337},"train/top5_accuracy":85.89070638020833,"final/best_epoch":14,"val/top5_accuracy":74.22,"_timestamp":1.7562305396339495e+09,"val/loss":2.476599959564209,"final/learning_rate":0.0004247591333353171,"val/top1_accuracy":41.65,"train/top1_accuracy":56.134033203125,"final/weight_decay":0.0222173667363514,"_runtime":337,"best_val_accuracy":41.65,"train/loss":1.9986005897323291,"objective":41.65,"learning_rate":0.00030283509914173307}