{"objective":21.78,"final/learning_rate":0.00028923385841385965,"val/loss":3.141853538894653,"_timestamp":1.7561778376774747e+09,"train/loss":2.6698588530222573,"val/overfitting_gap":14.897054036458336,"_runtime":343,"final/best_epoch":8,"_wandb":{"runtime":343},"_step":11,"val/top1_accuracy":21.25,"epoch":10,"val/top5_accuracy":52.93,"learning_rate":1e-07,"final/best_val_accuracy":21.78,"train/top1_accuracy":36.147054036458336,"train/top5_accuracy":71.502685546875}