{"val/top1_accuracy":36.83,"_timestamp":1.7562665145180845e+09,"final/learning_rate":0.00023329444227594223,"val/overfitting_gap":13.306311848958337,"best_val_accuracy":39.2,"epoch":14,"final/warmup_epochs":5,"learning_rate":0.00016634190335255275,"train/top5_accuracy":82.52970377604167,"val/top5_accuracy":70.24,"train/top1_accuracy":50.136311848958336,"_step":15,"_runtime":340,"objective":39.2,"final/weight_decay":0.11900091511841904,"_wandb":{"runtime":340},"val/loss":2.6318356994628904,"final/best_epoch":13,"final/best_val_accuracy":39.2,"train/loss":2.1835801204045615}