{"val/overfitting_gap":6.132626953125001,"learning_rate":1e-07,"train/top1_accuracy":22.442626953125,"epoch":10,"_wandb":{"runtime":335},"_step":11,"final/best_val_accuracy":16.31,"val/top1_accuracy":16.31,"final/learning_rate":0.00223999473576823,"_timestamp":1.756157607990957e+09,"val/loss":3.2931816650390626,"val/top5_accuracy":44.98,"train/top5_accuracy":56.38427734375,"final/best_epoch":10,"_runtime":335,"train/loss":3.077860176563263,"objective":16.31}