{"final/best_epoch":14,"final/learning_rate":0.0007719326748700908,"best_val_accuracy":28.08,"_step":15,"final/warmup_epochs":2,"val/overfitting_gap":19.824459635416666,"_wandb":{"runtime":337},"train/loss":2.248757004737854,"objective":28.08,"_runtime":337,"val/top1_accuracy":28.08,"_timestamp":1.7562262252519844e+09,"epoch":14,"learning_rate":0.0004718908012700919,"train/top1_accuracy":47.904459635416664,"val/loss":3.0063551586151123,"final/weight_decay":0.03937264505841215,"train/top5_accuracy":80.84716796875,"val/top5_accuracy":59.52,"final/best_val_accuracy":28.08}