{"_runtime":341,"val/overfitting_gap":10.919573567708333,"_step":15,"_wandb":{"runtime":341},"_timestamp":1.7562191150790756e+09,"val/top5_accuracy":74.28,"train/top5_accuracy":83.73209635416667,"val/loss":2.4887716526031496,"final/weight_decay":0.06931184329636085,"final/warmup_epochs":5,"final/best_epoch":13,"val/top1_accuracy":41.06,"epoch":14,"objective":42.68,"train/loss":2.129844158887863,"train/top1_accuracy":51.979573567708336,"learning_rate":0.00019509529871737695,"best_val_accuracy":42.68,"final/best_val_accuracy":42.68,"final/learning_rate":0.00027362802761405133}