{"_timestamp":1.7561603813931422e+09,"val/top5_accuracy":55.56,"learning_rate":1e-07,"objective":23.06,"val/top1_accuracy":23.06,"val/loss":3.064560763549805,"final/best_val_accuracy":23.06,"_wandb":{"runtime":333},"train/loss":2.6269445468982062,"final/best_epoch":10,"final/learning_rate":0.0002695970323926487,"_step":11,"train/top1_accuracy":36.977132161458336,"val/overfitting_gap":13.917132161458337,"epoch":10,"_runtime":333,"train/top5_accuracy":72.393798828125}