{"objective":40.7,"val/top5_accuracy":74.38,"train/loss":2.0590463081995645,"final/weight_decay":0.0990966967898053,"_runtime":341,"best_val_accuracy":40.7,"final/best_val_accuracy":40.7,"val/overfitting_gap":13.423942057291661,"val/loss":2.4896669673919676,"final/best_epoch":14,"_step":15,"val/top1_accuracy":40.7,"train/top1_accuracy":54.123942057291664,"learning_rate":0.0003218550125773692,"final/warmup_epochs":3,"_timestamp":1.756259333296818e+09,"epoch":14,"train/top5_accuracy":84.92024739583333,"final/learning_rate":0.000500184246601531,"_wandb":{"runtime":341}}