{"_runtime":325,"val/top5_accuracy":52.68,"train/top5_accuracy":73.046875,"objective":22.21,"train/loss":2.5900293638308844,"_step":11,"_timestamp":1.7561453209602957e+09,"final/learning_rate":0.0003649795184586668,"val/top1_accuracy":22.21,"epoch":10,"val/overfitting_gap":15.526002604166663,"final/best_val_accuracy":22.21,"_wandb":{"runtime":325},"train/top1_accuracy":37.736002604166664,"learning_rate":1e-07,"final/best_epoch":10,"val/loss":3.1100046836853026}