{"_runtime":339,"train/top1_accuracy":51.922607421875,"objective":37.71,"epoch":14,"train/loss":2.144614497820536,"val/top1_accuracy":37.71,"final/best_epoch":14,"val/top5_accuracy":71.35,"final/learning_rate":0.00024305990094298456,"_timestamp":1.7562386879312282e+09,"train/top5_accuracy":83.36588541666667,"best_val_accuracy":37.71,"val/overfitting_gap":14.212607421875,"learning_rate":0.00017330359772260424,"_step":15,"final/best_val_accuracy":37.71,"val/loss":2.5860607345581053,"final/warmup_epochs":5,"_wandb":{"runtime":339},"final/weight_decay":0.12157854394796493}