{"objective":17.93,"train/loss":2.7404940923055015,"train/top1_accuracy":33.294677734375,"_timestamp":1.7561750213193054e+09,"val/loss":3.294899147796631,"_runtime":343,"final/best_epoch":10,"val/top5_accuracy":47.16,"_step":11,"epoch":10,"learning_rate":1e-07,"train/top5_accuracy":68.95751953125,"val/top1_accuracy":17.93,"val/overfitting_gap":15.364677734375,"final/best_val_accuracy":17.93,"final/learning_rate":0.0002699746152719018,"_wandb":{"runtime":343}}