{"best_val_accuracy":30.78,"train/top1_accuracy":41.953531901041664,"_timestamp":1.7562650601145995e+09,"val/top1_accuracy":30.78,"val/loss":2.799059969711304,"final/best_epoch":14,"final/warmup_epochs":2,"_wandb":{"runtime":340},"learning_rate":6.201506927841546e-05,"final/learning_rate":0.00010139081238395872,"_runtime":340,"objective":30.78,"final/best_val_accuracy":30.78,"final/weight_decay":0.05927011853866851,"val/overfitting_gap":11.173531901041663,"_step":15,"train/top5_accuracy":76.47298177083333,"train/loss":2.5043558726708093,"val/top5_accuracy":66.38,"epoch":14}