{"_timestamp":1.7562390474597576e+09,"final/learning_rate":0.00010733853058742403,"_runtime":338,"final/best_epoch":14,"train/loss":2.6196131507555642,"val/top5_accuracy":56.35,"_step":15,"epoch":14,"train/top5_accuracy":73.25642903645833,"val/loss":3.036487255859375,"learning_rate":7.65492380847085e-05,"val/overfitting_gap":12.428655598958336,"best_val_accuracy":25.11,"objective":25.11,"final/best_val_accuracy":25.11,"_wandb":{"runtime":338},"val/top1_accuracy":25.11,"train/top1_accuracy":37.538655598958336,"final/weight_decay":0.019280370148132192,"final/warmup_epochs":5}