{"_runtime":324,"train/top5_accuracy":68.75,"val/loss":3.2219604652404783,"final/learning_rate":0.00018039254746286823,"val/top5_accuracy":49,"learning_rate":1e-07,"train/top1_accuracy":32.94677734375,"val/top1_accuracy":19.27,"_wandb":{"runtime":324},"final/best_epoch":10,"train/loss":2.7728303174177804,"objective":19.27,"_step":11,"epoch":10,"final/best_val_accuracy":19.27,"val/overfitting_gap":13.67677734375,"_timestamp":1.7561498680563724e+09}