{"objective":40.9,"learning_rate":0.0006098240209281208,"_step":15,"epoch":14,"_runtime":346,"_wandb":{"runtime":346},"train/loss":2.030954711139202,"val/top5_accuracy":74.37,"val/top1_accuracy":40.9,"final/weight_decay":0.13807193673089957,"val/overfitting_gap":14.174055989583337,"final/warmup_epochs":5,"final/best_epoch":14,"best_val_accuracy":40.9,"val/loss":2.5057462310791014,"train/top1_accuracy":55.074055989583336,"train/top5_accuracy":85.44718424479167,"final/learning_rate":0.0008553852808779802,"_timestamp":1.7562269417629924e+09,"final/best_val_accuracy":40.9}