{"val/overfitting_gap":14.940247395833339,"final/best_epoch":14,"final/learning_rate":0.00032850350283456707,"val/top1_accuracy":38.73,"learning_rate":0.00021139534454058274,"_step":15,"epoch":14,"train/loss":2.0903054599960647,"final/weight_decay":0.048794312195512106,"final/warmup_epochs":3,"best_val_accuracy":38.73,"_timestamp":1.7562764879795377e+09,"_wandb":{"runtime":336},"val/loss":2.552400964355469,"final/best_val_accuracy":38.73,"val/top5_accuracy":72.37,"train/top1_accuracy":53.670247395833336,"_runtime":336,"train/top5_accuracy":84.07796223958333,"objective":38.73}