{"val/loss":3.3685224578857422,"learning_rate":1e-07,"_wandb":{"runtime":335},"epoch":10,"train/top5_accuracy":73.03873697916667,"train/loss":2.5643657197554908,"val/overfitting_gap":21.215491536458337,"final/best_epoch":10,"objective":17.08,"val/top1_accuracy":17.08,"final/best_val_accuracy":17.08,"_timestamp":1.7561788978376415e+09,"final/learning_rate":0.0012112679431189738,"_step":11,"train/top1_accuracy":38.295491536458336,"val/top5_accuracy":46.67,"_runtime":335}