{"val/loss":3.090810370635986,"epoch":10,"_wandb":{"runtime":325},"_timestamp":1.7561414965046098e+09,"learning_rate":1e-07,"final/best_val_accuracy":23.32,"val/overfitting_gap":15.038561197916664,"train/top1_accuracy":38.358561197916664,"val/top5_accuracy":55.06,"val/top1_accuracy":23.32,"_step":11,"train/loss":2.5942440132300058,"final/learning_rate":0.0002907353331427857,"_runtime":325,"final/best_epoch":10,"train/top5_accuracy":73.43343098958333,"objective":23.32}