{"final/warmup_epochs":5,"val/overfitting_gap":12.78417317708334,"train/top1_accuracy":53.194173177083336,"final/best_epoch":14,"epoch":14,"final/learning_rate":0.00035798446498163685,"train/top5_accuracy":84.31803385416667,"_wandb":{"runtime":339},"val/loss":2.497550093078613,"val/top1_accuracy":40.41,"final/best_val_accuracy":40.41,"_step":15,"final/weight_decay":0.13854473236505396,"objective":40.41,"train/loss":2.0990956500172615,"_runtime":339,"learning_rate":0.000255232129471832,"_timestamp":1.7562596874765697e+09,"best_val_accuracy":40.41,"val/top5_accuracy":73.96}