{"_step":15,"learning_rate":0.0001720858799418422,"train/loss":2.2752542346715927,"epoch":14,"val/overfitting_gap":17.923971354166664,"final/best_val_accuracy":31.28,"_wandb":{"runtime":357},"train/top5_accuracy":80.67220052083333,"val/loss":2.8898945678710937,"_timestamp":1.7562611195979636e+09,"final/learning_rate":0.00024135175749053547,"final/weight_decay":0.10246536745051364,"final/warmup_epochs":5,"best_val_accuracy":31.28,"val/top1_accuracy":29.48,"final/best_epoch":13,"train/top1_accuracy":47.403971354166664,"objective":31.28,"_runtime":357,"val/top5_accuracy":63.05}