{"_runtime":337,"epoch":14,"val/top5_accuracy":78.58,"final/warmup_epochs":5,"_timestamp":1.7562450818088975e+09,"final/weight_decay":0.11101515426785694,"final/best_val_accuracy":44.79,"val/overfitting_gap":12.420286458333337,"best_val_accuracy":44.79,"_wandb":{"runtime":337},"final/best_epoch":14,"_step":15,"train/loss":1.9720397715767224,"train/top5_accuracy":86.34033203125,"train/top1_accuracy":57.210286458333336,"val/loss":2.3385734033584593,"val/top1_accuracy":44.79,"final/learning_rate":0.0008503299709249465,"learning_rate":0.000606220142806381,"objective":44.79}