{"_wandb":{"runtime":341},"_step":15,"final/warmup_epochs":5,"val/top5_accuracy":71.64,"_timestamp":1.7562201882384198e+09,"final/weight_decay":0.11468312530902586,"train/top1_accuracy":56.168619791666664,"train/top5_accuracy":85.78694661458333,"final/best_epoch":13,"_runtime":341,"learning_rate":0.0003932468121188107,"epoch":14,"final/learning_rate":0.0005515834090306576,"train/loss":2.0050411919752755,"objective":39.45,"final/best_val_accuracy":39.45,"val/top1_accuracy":38.76,"val/overfitting_gap":17.408619791666666,"val/loss":2.584096250915527,"best_val_accuracy":39.45}