{"train/top5_accuracy":84.95279947916667,"_runtime":340,"final/learning_rate":0.000388607980070935,"final/best_epoch":13,"_timestamp":1.75624116931317e+09,"train/top1_accuracy":54.726155598958336,"final/weight_decay":0.10760631314364344,"val/overfitting_gap":12.556155598958334,"val/top1_accuracy":42.17,"final/warmup_epochs":5,"epoch":14,"val/top5_accuracy":75.66,"_wandb":{"runtime":340},"best_val_accuracy":42.57,"val/loss":2.4475091716766357,"final/best_val_accuracy":42.57,"objective":42.57,"train/loss":2.047402523458004,"learning_rate":0.0002770633162964583,"_step":15}