{"_step":11,"learning_rate":1e-07,"val/loss":3.6359687969207766,"val/overfitting_gap":9.535634765625,"train/top1_accuracy":20.025634765625,"final/best_epoch":7,"final/learning_rate":0.002240123862865081,"train/top5_accuracy":52.128092447916664,"_runtime":328,"_timestamp":1.7561676923824859e+09,"epoch":10,"final/best_val_accuracy":12.07,"val/top5_accuracy":32.74,"_wandb":{"runtime":328},"train/loss":3.1469598561525345,"val/top1_accuracy":10.49,"objective":12.07}