{"val/overfitting_gap":17.988658854166665,"_runtime":332,"final/best_val_accuracy":16.72,"train/loss":2.699253370364507,"_timestamp":1.756157256191443e+09,"epoch":10,"val/top1_accuracy":16.72,"train/top5_accuracy":69.90559895833333,"_step":11,"learning_rate":1e-07,"objective":16.72,"final/learning_rate":0.00044446445247052534,"_wandb":{"runtime":332},"val/top5_accuracy":44.31,"final/best_epoch":10,"val/loss":3.390091340637207,"train/top1_accuracy":34.708658854166664}