{"learning_rate":1e-07,"train/top1_accuracy":36.651611328125,"train/top5_accuracy":72.15576171875,"epoch":10,"val/overfitting_gap":15.081611328125,"final/learning_rate":0.0002895576005232159,"final/best_val_accuracy":21.57,"_step":11,"_timestamp":1.756158991071122e+09,"val/top1_accuracy":21.57,"final/best_epoch":10,"val/loss":3.1552211936950685,"_runtime":330,"_wandb":{"runtime":330},"train/loss":2.631223847468694,"objective":21.57,"val/top5_accuracy":52.16}