{"train/top5_accuracy":86.00056966145833,"final/best_val_accuracy":35.58,"learning_rate":0.0004742547527906781,"_runtime":341,"epoch":14,"final/warmup_epochs":3,"val/overfitting_gap":20.615068359375,"objective":35.58,"train/loss":2.0031932244698205,"final/weight_decay":0.027205812485989,"final/best_epoch":14,"_wandb":{"runtime":341},"val/loss":2.711684693145752,"val/top1_accuracy":35.58,"_timestamp":1.7562408080912116e+09,"best_val_accuracy":35.58,"final/learning_rate":0.0007370498937171763,"train/top1_accuracy":56.195068359375,"_step":15,"val/top5_accuracy":68.69}