{"best_val_accuracy":38.24,"objective":38.24,"learning_rate":0.00032337848043122587,"_runtime":342,"train/top1_accuracy":54.195149739583336,"final/learning_rate":0.00045357618995975774,"val/top5_accuracy":71.84,"val/top1_accuracy":37.31,"_step":15,"_wandb":{"runtime":342},"epoch":14,"_timestamp":1.7562130741718535e+09,"final/best_val_accuracy":38.24,"final/weight_decay":0.09793045959191142,"train/top5_accuracy":84.67203776041667,"train/loss":2.061630961795648,"final/warmup_epochs":5,"val/overfitting_gap":16.885149739583333,"final/best_epoch":13,"val/loss":2.591030078125}