{"_timestamp":1.7562216098739014e+09,"train/loss":2.1082138096292815,"objective":41.46,"_runtime":345,"val/overfitting_gap":10.893922526041663,"val/top5_accuracy":75.94,"final/weight_decay":0.10786634917731255,"epoch":14,"val/loss":2.434620157623291,"final/best_val_accuracy":41.46,"_wandb":{"runtime":345},"final/learning_rate":0.0005839743352794658,"final/warmup_epochs":3,"final/best_epoch":14,"learning_rate":0.00037576569106732773,"train/top5_accuracy":83.93758138020833,"val/top1_accuracy":41.46,"train/top1_accuracy":52.353922526041664,"best_val_accuracy":41.46,"_step":15}