{"train/top1_accuracy":34.309895833333336,"_wandb":{"runtime":333},"train/loss":2.6839895198742547,"_runtime":333,"_timestamp":1.756152326679337e+09,"val/top1_accuracy":20.09,"objective":20.36,"final/learning_rate":0.0004449548399754686,"learning_rate":1e-07,"val/top5_accuracy":53.23,"val/loss":3.138504190444946,"train/top5_accuracy":70.18229166666667,"epoch":10,"val/overfitting_gap":14.219895833333336,"final/best_epoch":9,"final/best_val_accuracy":20.36,"_step":11}