{"final/best_epoch":10,"_step":11,"_wandb":{"runtime":324},"val/top1_accuracy":21.8,"final/learning_rate":0.0004467615783759472,"_runtime":324,"val/overfitting_gap":18.505582682291664,"val/top5_accuracy":52.68,"epoch":10,"train/loss":2.510135849316915,"train/top5_accuracy":75.2685546875,"learning_rate":1e-07,"_timestamp":1.7561376947146068e+09,"objective":21.8,"train/top1_accuracy":40.305582682291664,"val/loss":3.1610136112213136,"final/best_val_accuracy":21.8}