{"best_val_accuracy":26.98,"final/weight_decay":0.1071613057068704,"objective":26.98,"epoch":14,"val/top1_accuracy":26.98,"train/top5_accuracy":73.97054036458333,"learning_rate":6.984530978241346e-05,"final/best_val_accuracy":26.98,"val/top5_accuracy":61.26,"final/best_epoch":14,"train/loss":2.592784270644188,"_wandb":{"runtime":337},"_step":15,"_runtime":337,"final/learning_rate":0.00010850089301838542,"_timestamp":1.7562668698067002e+09,"final/warmup_epochs":3,"train/top1_accuracy":38.466389973958336,"val/loss":2.9341989166259768,"val/overfitting_gap":11.486389973958335}