{"final/best_epoch":14,"objective":45.18,"_timestamp":1.7562244544455392e+09,"final/learning_rate":0.0004966283023308183,"_runtime":342,"val/overfitting_gap":11.611178385416665,"val/loss":2.365212275695801,"best_val_accuracy":45.18,"train/loss":1.9846591899792354,"train/top1_accuracy":56.791178385416664,"_step":15,"learning_rate":0.00035406988556962115,"final/warmup_epochs":5,"val/top1_accuracy":45.18,"epoch":14,"final/weight_decay":0.09457489751330242,"final/best_val_accuracy":45.18,"val/top5_accuracy":77.23,"train/top5_accuracy":86.26912434895833,"_wandb":{"runtime":342}}