{"val/top5_accuracy":20.4,"train/top5_accuracy":45.137532552083336,"train/top1_accuracy":15.627034505208334,"final/learning_rate":0.008202211635006935,"val/overfitting_gap":10.697034505208334,"val/top1_accuracy":4.93,"_wandb":{"runtime":243},"learning_rate":1e-07,"objective":6.28,"train/loss":3.313005248705546,"final/best_val_accuracy":6.28,"epoch":10,"_timestamp":1.7561997599062095e+09,"_runtime":243,"_step":11,"final/best_epoch":6,"val/loss":4.050991178131103}