{"val/top1_accuracy":34.13,"objective":34.13,"train/top1_accuracy":50.35400390625,"_wandb":{"runtime":339},"best_val_accuracy":34.13,"val/top5_accuracy":68.89,"final/weight_decay":0.025780618566277877,"learning_rate":0.0003316283755125277,"val/loss":2.70432491607666,"final/warmup_epochs":5,"_timestamp":1.7562187566920917e+09,"train/loss":2.1687134007612863,"epoch":14,"_runtime":339,"final/best_epoch":14,"train/top5_accuracy":82.82877604166667,"final/learning_rate":0.0004651486614216565,"val/overfitting_gap":16.224003906249997,"final/best_val_accuracy":34.13,"_step":15}