{"val/top1_accuracy":19.21,"final/best_epoch":10,"train/loss":2.6774505923191705,"final/best_val_accuracy":19.21,"train/top5_accuracy":70.92081705729167,"train/top1_accuracy":35.38818359375,"val/top5_accuracy":49.3,"val/overfitting_gap":16.17818359375,"_timestamp":1.7561820685379121e+09,"_runtime":330,"val/loss":3.2474796871185303,"learning_rate":1e-07,"objective":19.21,"_wandb":{"runtime":330},"final/learning_rate":0.0002905961103012522,"_step":11,"epoch":10}