{"train/top5_accuracy":75.50252278645833,"_step":15,"train/loss":2.5367298970619836,"final/best_epoch":14,"objective":25.86,"_timestamp":1.7562614709583173e+09,"final/learning_rate":0.0001026048019755394,"_wandb":{"runtime":335},"val/overfitting_gap":14.563583984375,"final/warmup_epochs":2,"final/weight_decay":0.09760838891306894,"val/top5_accuracy":58.63,"train/top1_accuracy":40.423583984375,"final/best_val_accuracy":25.86,"val/top1_accuracy":25.86,"_runtime":335,"learning_rate":6.275713312307173e-05,"epoch":14,"best_val_accuracy":25.86,"val/loss":2.9830449172973634}