{"train/loss":2.7521986414988837,"train/top5_accuracy":67.84464518229167,"train/top1_accuracy":32.539876302083336,"_runtime":331,"epoch":10,"learning_rate":1e-07,"_step":11,"val/top5_accuracy":42.78,"val/overfitting_gap":17.199876302083336,"objective":15.34,"_timestamp":1.7561894776662505e+09,"final/best_val_accuracy":15.34,"val/top1_accuracy":15.34,"final/best_epoch":10,"val/loss":3.4303121601104736,"final/learning_rate":0.000444495822366543,"_wandb":{"runtime":331}}