{"_wandb":{"runtime":339},"val/top5_accuracy":62.11,"_runtime":339,"val/loss":2.863598789215088,"final/best_epoch":13,"val/top1_accuracy":28.24,"learning_rate":6.953284021656025e-05,"val/overfitting_gap":13.900706380208337,"_step":15,"_timestamp":1.7562571873947043e+09,"final/weight_decay":0.021748405124358744,"best_val_accuracy":29.15,"final/learning_rate":0.0001080152405768772,"objective":29.15,"epoch":14,"train/loss":2.482435862223307,"train/top5_accuracy":76.9287109375,"final/warmup_epochs":3,"final/best_val_accuracy":29.15,"train/top1_accuracy":42.140706380208336}