{"val/loss":3.77910818939209,"final/best_val_accuracy":6.62,"learning_rate":1e-07,"_runtime":333,"val/top1_accuracy":6.5,"_timestamp":1.756126173520685e+09,"train/top5_accuracy":34.763590494791664,"final/best_epoch":6,"train/loss":3.5232653468847275,"epoch":10,"val/overfitting_gap":5.173990885416666,"val/top5_accuracy":22.6,"final/learning_rate":0.009637783490714955,"_wandb":{"runtime":333},"objective":6.62,"train/top1_accuracy":11.673990885416666,"_step":11}