{"_step":11,"_runtime":333,"final/best_epoch":4,"final/learning_rate":0.0022414214621194572,"objective":9.8,"learning_rate":1e-07,"train/top1_accuracy":23.697916666666668,"val/loss":3.796498129272461,"val/overfitting_gap":14.247916666666669,"train/loss":3.0193835695584617,"val/top5_accuracy":31.05,"train/top5_accuracy":58.237711588541664,"val/top1_accuracy":9.45,"epoch":10,"_wandb":{"runtime":333},"final/best_val_accuracy":9.8,"_timestamp":1.7561915234862652e+09}