{"epoch":10,"learning_rate":1e-07,"final/learning_rate":0.0004460041035514237,"train/top1_accuracy":37.143961588541664,"val/loss":3.2655846668243407,"val/overfitting_gap":18.393961588541664,"_timestamp":1.7561394205095284e+09,"final/best_val_accuracy":18.9,"_wandb":{"runtime":328},"val/top1_accuracy":18.75,"final/best_epoch":9,"val/top5_accuracy":48.92,"_runtime":328,"train/top5_accuracy":72.35107421875,"train/loss":2.6042556911706924,"_step":11,"objective":18.9}