{"final/weight_decay":0.14885105739550825,"final/learning_rate":0.000553087001930558,"final/best_epoch":14,"val/loss":2.5305486053466795,"train/top5_accuracy":84.930419921875,"final/warmup_epochs":5,"learning_rate":0.00039431870792862246,"epoch":14,"_step":15,"val/top5_accuracy":73.11,"train/loss":2.0581500430901847,"_runtime":338,"train/top1_accuracy":54.176839192708336,"val/top1_accuracy":39.89,"best_val_accuracy":39.89,"final/best_val_accuracy":39.89,"_wandb":{"runtime":338},"objective":39.89,"val/overfitting_gap":14.286839192708335,"_timestamp":1.756233018197301e+09}