{"final/best_epoch":14,"final/learning_rate":0.0008993493086140076,"val/top1_accuracy":39.86,"final/best_val_accuracy":39.86,"train/top5_accuracy":83.69140625,"val/loss":2.524626502609253,"final/warmup_epochs":2,"best_val_accuracy":39.86,"epoch":14,"val/overfitting_gap":12.259954427083336,"_timestamp":1.7562525487990851e+09,"train/loss":2.1175543467203775,"final/weight_decay":0.1175114781659036,"train/top1_accuracy":52.119954427083336,"_wandb":{"runtime":337},"objective":39.86,"val/top5_accuracy":74.27,"_runtime":337,"_step":15,"learning_rate":0.0005497755523131838}