{"train/top5_accuracy":73.38053385416667,"epoch":10,"train/loss":2.5920256624619165,"objective":25.08,"val/loss":2.9783924980163574,"val/top5_accuracy":59.1,"train/top1_accuracy":38.106282552083336,"_timestamp":1.7561638694291255e+09,"final/learning_rate":0.00028924885490547647,"_runtime":335,"_step":11,"learning_rate":1e-07,"final/best_epoch":9,"_wandb":{"runtime":335},"val/overfitting_gap":13.106282552083336,"val/top1_accuracy":25,"final/best_val_accuracy":25.08}