{"train/loss":3.1668706039587655,"_timestamp":1.7561317863209398e+09,"train/top5_accuracy":52.24609375,"val/top1_accuracy":10.74,"val/loss":3.5493546588897704,"final/learning_rate":0.0018186237930937171,"final/best_epoch":8,"train/top1_accuracy":19.940185546875,"objective":12.21,"_step":11,"learning_rate":1e-07,"val/top5_accuracy":35.09,"_runtime":322,"epoch":10,"val/overfitting_gap":9.200185546875,"_wandb":{"runtime":322},"final/best_val_accuracy":12.21}