{"final/learning_rate":0.0006358022258456949,"val/top1_accuracy":45.37,"final/best_epoch":14,"objective":45.37,"_step":15,"final/weight_decay":0.034004448004251724,"val/overfitting_gap":11.636835937500003,"train/top5_accuracy":86.13688151041667,"_runtime":338,"final/warmup_epochs":5,"learning_rate":0.0004532855346063073,"final/best_val_accuracy":45.37,"epoch":14,"train/loss":1.97829873363177,"_timestamp":1.7562166213450367e+09,"best_val_accuracy":45.37,"val/top5_accuracy":79.5,"val/loss":2.3180128644943236,"train/top1_accuracy":57.0068359375,"_wandb":{"runtime":338}}