{"_runtime":328,"final/best_epoch":8,"train/top1_accuracy":35.691324869791664,"final/learning_rate":0.000930426778562869,"val/overfitting_gap":19.891324869791664,"val/top1_accuracy":15.8,"train/top5_accuracy":70.92488606770833,"learning_rate":1e-07,"train/loss":2.645081023375193,"objective":16.02,"_step":11,"_timestamp":1.7561753645898836e+09,"final/best_val_accuracy":16.02,"val/loss":3.4373031093597413,"val/top5_accuracy":43.5,"epoch":10,"_wandb":{"runtime":328}}