{"val/loss":3.2947752014160154,"_runtime":335,"_step":11,"_timestamp":1.7561491800972505e+09,"train/top1_accuracy":34.649658203125,"val/top1_accuracy":18.33,"final/best_val_accuracy":18.33,"train/loss":2.6868253300587335,"objective":18.33,"final/best_epoch":10,"val/top5_accuracy":47.44,"learning_rate":1e-07,"val/overfitting_gap":16.319658203125,"_wandb":{"runtime":335},"final/learning_rate":0.00026825007256455044,"epoch":10,"train/top5_accuracy":70.703125}