{"train/top1_accuracy":61.220296223958336,"final/best_val_accuracy":45.71,"epoch":19,"final/warmup_epochs":7,"final/best_epoch":18,"val/loss":2.4190940658569335,"best_val_accuracy":45.71,"train/top5_accuracy":88.482666015625,"final/weight_decay":0.0983278005652242,"_wandb":{"runtime":464},"_runtime":464,"learning_rate":0.00013981705011596775,"val/overfitting_gap":17.180296223958337,"train/loss":1.8966771190365155,"_timestamp":1.7562843532280595e+09,"val/top5_accuracy":76.83,"objective":45.71,"_step":20,"final/learning_rate":0.0003,"val/top1_accuracy":44.04}