{"val/top1_accuracy":19.57,"_runtime":327,"learning_rate":1e-07,"train/top1_accuracy":39.78271484375,"train/loss":2.530018632610639,"final/learning_rate":0.0004461473342184159,"final/best_epoch":10,"train/top5_accuracy":74.77213541666667,"_step":11,"objective":19.57,"_timestamp":1.7561390757337813e+09,"val/top5_accuracy":50.45,"_wandb":{"runtime":327},"val/loss":3.228169929885864,"val/overfitting_gap":20.21271484375,"final/best_val_accuracy":19.57,"epoch":10}