{"val/top5_accuracy":46.58,"final/best_val_accuracy":17.71,"_runtime":336,"val/top1_accuracy":17.71,"final/best_epoch":10,"objective":17.71,"_step":11,"learning_rate":1e-07,"final/learning_rate":0.00029109924525666444,"_timestamp":1.7561544415989914e+09,"val/loss":3.3205562503814696,"_wandb":{"runtime":336},"epoch":10,"train/loss":2.649296979109446,"val/overfitting_gap":18.705608723958335,"train/top5_accuracy":71.68375651041667,"train/top1_accuracy":36.415608723958336}