{"final/learning_rate":0.00044594678811545063,"learning_rate":1e-07,"_timestamp":1.7561841768285506e+09,"train/top5_accuracy":69.46818033854167,"objective":18.32,"val/overfitting_gap":16.260485026041664,"train/top1_accuracy":34.580485026041664,"final/best_epoch":10,"epoch":10,"_wandb":{"runtime":328},"val/loss":3.327217897796631,"val/top1_accuracy":18.32,"_step":11,"final/best_val_accuracy":18.32,"train/loss":2.701489269733429,"_runtime":328,"val/top5_accuracy":46.47}