{"_step":15,"_timestamp":1.7562782604534838e+09,"train/top1_accuracy":55.584716796875,"train/loss":2.0214440127213797,"train/top5_accuracy":85.662841796875,"final/weight_decay":0.04696354143020774,"_wandb":{"runtime":341},"epoch":14,"objective":41.68,"val/top5_accuracy":73.73,"learning_rate":0.00024217071839489023,"final/warmup_epochs":5,"val/loss":2.4960536041259767,"best_val_accuracy":41.68,"_runtime":341,"val/overfitting_gap":13.904716796875,"val/top1_accuracy":41.68,"final/best_epoch":14,"final/learning_rate":0.00033966267961946624,"final/best_val_accuracy":41.68}