{"final/warmup_epochs":2,"train/loss":2.203416645526886,"_timestamp":1.7562127135544577e+09,"val/loss":2.9641714141845705,"val/top1_accuracy":28.92,"_step":15,"objective":28.92,"learning_rate":0.0001685546955391944,"final/learning_rate":0.0002756857848487592,"train/top5_accuracy":81.98649088541667,"final/best_epoch":14,"final/best_val_accuracy":28.92,"epoch":14,"_wandb":{"runtime":341},"final/weight_decay":0.02111327584450577,"val/top5_accuracy":60.03,"train/top1_accuracy":49.578857421875,"val/overfitting_gap":20.658857421875,"_runtime":341,"best_val_accuracy":28.92}