{"final/learning_rate":0.0004453132002207505,"val/loss":3.0244660369873047,"_step":11,"_timestamp":1.756154797571369e+09,"final/best_val_accuracy":24.52,"val/overfitting_gap":17.563740234375,"train/top5_accuracy":76.81884765625,"_runtime":338,"learning_rate":1e-07,"final/best_epoch":10,"_wandb":{"runtime":338},"train/loss":2.4513146380583444,"objective":24.52,"train/top1_accuracy":42.083740234375,"val/top5_accuracy":57.6,"epoch":10,"val/top1_accuracy":24.52}