{"_step":15,"train/top1_accuracy":54.4921875,"final/warmup_epochs":5,"final/best_val_accuracy":43.85,"final/best_epoch":14,"final/weight_decay":0.13712122422454648,"best_val_accuracy":43.85,"final/learning_rate":0.0004968295750755924,"val/loss":2.368805116844177,"learning_rate":0.00035421337082534887,"train/top5_accuracy":85.05859375,"_wandb":{"runtime":342},"train/loss":2.050429731607437,"val/top5_accuracy":77.62,"val/overfitting_gap":10.642187499999999,"val/top1_accuracy":43.85,"epoch":14,"_timestamp":1.7562144953464465e+09,"objective":43.85,"_runtime":342}