{"_timestamp":1.7561467204558675e+09,"val/overfitting_gap":17.830755208333336,"final/best_epoch":10,"final/best_val_accuracy":19.36,"objective":19.36,"train/top5_accuracy":72.40397135416667,"val/top1_accuracy":19.36,"final/learning_rate":0.0007284926718102949,"_runtime":332,"learning_rate":1e-07,"epoch":10,"val/loss":3.235596781539917,"val/top5_accuracy":51.37,"_wandb":{"runtime":332},"train/loss":2.586606134970983,"train/top1_accuracy":37.190755208333336,"_step":11}