{"final/learning_rate":0.00010821056700201848,"_timestamp":1.7561995009549387e+09,"train/top1_accuracy":27.469889322916668,"train/loss":2.9894105742375054,"epoch":10,"objective":16.36,"final/best_val_accuracy":16.36,"_step":11,"final/best_epoch":10,"_wandb":{"runtime":244},"val/top5_accuracy":45.2,"val/top1_accuracy":16.36,"learning_rate":1e-07,"val/loss":3.3253987869262693,"train/top5_accuracy":62.347412109375,"val/overfitting_gap":11.109889322916668,"_runtime":244}