{"val/top1_accuracy":13.62,"epoch":10,"train/loss":2.923964182535807,"final/best_val_accuracy":13.62,"train/top1_accuracy":27.189127604166668,"val/loss":3.5108362636566164,"val/overfitting_gap":13.569127604166669,"_runtime":337,"final/best_epoch":10,"_step":11,"learning_rate":1e-07,"val/top5_accuracy":38.89,"_timestamp":1.756139773336687e+09,"objective":13.62,"_wandb":{"runtime":337},"train/top5_accuracy":61.863199869791664,"final/learning_rate":0.0007288657398007739}