{"epoch":14,"learning_rate":6.550337442758151e-05,"train/top5_accuracy":75.95621744791667,"final/best_val_accuracy":28,"val/top1_accuracy":27.49,"val/overfitting_gap":13.381175130208337,"_step":15,"_wandb":{"runtime":342},"final/warmup_epochs":2,"val/loss":2.9210928283691406,"final/weight_decay":0.09882021446247571,"objective":28,"train/loss":2.5217070331176124,"best_val_accuracy":28,"_runtime":342,"train/top1_accuracy":40.871175130208336,"val/top5_accuracy":61.9,"final/learning_rate":0.00010709755335219236,"final/best_epoch":13,"_timestamp":1.7562173330869894e+09}