{"train/loss":2.6227967788775763,"train/top1_accuracy":36.1083984375,"final/best_epoch":7,"_wandb":{"runtime":329},"train/top5_accuracy":71.563720703125,"_step":11,"val/loss":3.2404647106170654,"_timestamp":1.7561303996613e+09,"val/top1_accuracy":19.33,"val/top5_accuracy":49.45,"final/learning_rate":0.0004451153537542024,"learning_rate":1e-07,"val/overfitting_gap":16.7783984375,"epoch":10,"final/best_val_accuracy":20,"_runtime":329,"objective":20}