{"objective":12.78,"final/best_val_accuracy":12.78,"_step":11,"_runtime":332,"val/top1_accuracy":11.37,"final/learning_rate":0.001970217643501001,"val/top5_accuracy":34.54,"final/best_epoch":6,"train/top1_accuracy":22.259521484375,"_timestamp":1.7561338835096993e+09,"_wandb":{"runtime":332},"train/top5_accuracy":55.253092447916664,"learning_rate":1e-07,"val/loss":3.5956950733184816,"epoch":10,"train/loss":3.0808426837126413,"val/overfitting_gap":10.889521484375}