{"val/top5_accuracy":31.14,"learning_rate":1e-07,"final/learning_rate":0.007707918279438094,"_timestamp":1.7561834622573242e+09,"objective":9.04,"val/overfitting_gap":7.224970703125001,"train/top5_accuracy":46.333821614583336,"val/loss":3.604132816696167,"train/loss":3.2965621749560037,"val/top1_accuracy":8.87,"_runtime":331,"train/top1_accuracy":16.094970703125,"_wandb":{"runtime":331},"epoch":10,"final/best_val_accuracy":9.04,"_step":11,"final/best_epoch":9}