{"train/top5_accuracy":85.93953450520833,"val/top5_accuracy":76.76,"_wandb":{"runtime":337},"_timestamp":1.7562194812486587e+09,"final/best_val_accuracy":42.68,"final/best_epoch":14,"final/learning_rate":0.0009050400991221624,"learning_rate":0.0006452224267176122,"_runtime":337,"train/top1_accuracy":56.270345052083336,"epoch":14,"best_val_accuracy":42.68,"val/top1_accuracy":42.68,"_step":15,"final/weight_decay":0.1487580318342158,"train/loss":1.994206411143144,"val/overfitting_gap":13.590345052083336,"val/loss":2.4221930435180665,"objective":42.68,"final/warmup_epochs":5}