{"_runtime":337,"final/learning_rate":0.0005377110791096562,"_wandb":{"runtime":337},"val/top5_accuracy":74.17,"train/top5_accuracy":86.1328125,"final/warmup_epochs":5,"train/loss":1.9915488337477047,"best_val_accuracy":40.36,"train/top1_accuracy":56.593831380208336,"_timestamp":1.7562729390302637e+09,"_step":15,"epoch":14,"val/top1_accuracy":40.36,"final/weight_decay":0.1211437794950944,"val/loss":2.506649263763428,"val/overfitting_gap":16.233831380208336,"final/best_val_accuracy":40.36,"final/best_epoch":14,"learning_rate":0.00038335737175524965,"objective":40.36}