{"learning_rate":0.0005089735736655898,"train/loss":2.459188183148702,"_wandb":{"runtime":334},"train/top1_accuracy":40.989176432291664,"val/loss":3.0637710361480712,"final/best_val_accuracy":24.29,"_timestamp":1.7562404542431872e+09,"final/best_epoch":14,"val/overfitting_gap":16.699176432291665,"val/top5_accuracy":57.08,"_runtime":334,"best_val_accuracy":24.29,"_step":15,"final/warmup_epochs":2,"val/top1_accuracy":24.29,"final/weight_decay":0.03505169706941103,"objective":24.29,"final/learning_rate":0.0008325987483343562,"train/top5_accuracy":75.95621744791667,"epoch":14}