{"final/learning_rate":0.0003403331742334834,"val/overfitting_gap":20.640335286458335,"final/weight_decay":0.14221886116225516,"objective":31.62,"_timestamp":1.7562500567754838e+09,"val/top1_accuracy":31.62,"train/loss":2.1248934467633567,"learning_rate":0.00024264870706277631,"_step":15,"val/top5_accuracy":66.6,"train/top1_accuracy":52.260335286458336,"train/top5_accuracy":83.64664713541667,"val/loss":2.7833332263946535,"_wandb":{"runtime":342},"best_val_accuracy":31.62,"final/best_val_accuracy":31.62,"final/warmup_epochs":5,"final/best_epoch":14,"epoch":14,"_runtime":342}