{"val/top1_accuracy":30.06,"_step":15,"learning_rate":9.828388731093143e-05,"epoch":14,"final/weight_decay":0.11413210099869649,"final/best_epoch":13,"_runtime":341,"train/top5_accuracy":78.49527994791667,"val/top5_accuracy":65.75,"val/loss":2.7997693607330323,"train/loss":2.38936514655749,"val/overfitting_gap":14.461077473958337,"final/warmup_epochs":5,"objective":33.32,"final/learning_rate":0.00013782662836637948,"train/top1_accuracy":44.521077473958336,"best_val_accuracy":33.32,"final/best_val_accuracy":33.32,"_wandb":{"runtime":341},"_timestamp":1.7562575488061535e+09}