{"final/best_epoch":8,"learning_rate":1e-07,"_step":11,"objective":10.89,"epoch":10,"train/top1_accuracy":16.017659505208332,"val/overfitting_gap":6.0476595052083315,"val/top1_accuracy":9.97,"final/best_val_accuracy":10.89,"train/loss":3.3037191232045493,"final/learning_rate":0.00728689372037492,"_wandb":{"runtime":243},"_runtime":243,"_timestamp":1.75619819322427e+09,"val/top5_accuracy":31.88,"val/loss":3.56299243888855,"train/top5_accuracy":44.828287760416664}