{"final/best_epoch":10,"_runtime":342,"val/top5_accuracy":51.24,"final/learning_rate":0.00026796921536682806,"final/best_val_accuracy":20.98,"objective":20.98,"val/top1_accuracy":20.98,"val/loss":3.1643008602142335,"train/top1_accuracy":34.906005859375,"epoch":10,"learning_rate":1e-07,"train/top5_accuracy":70.55867513020833,"_wandb":{"runtime":342},"_step":11,"_timestamp":1.7561652785596669e+09,"val/overfitting_gap":13.926005859375,"train/loss":2.6972444405158362}