{"val/loss":2.8009939010620117,"val/top1_accuracy":31,"_runtime":338,"_step":15,"final/learning_rate":0.00018034054587925193,"final/warmup_epochs":3,"train/loss":2.339878425002098,"final/weight_decay":0.13965733561174376,"epoch":14,"_timestamp":1.7562258727286344e+09,"val/top5_accuracy":65.62,"best_val_accuracy":31.35,"train/top5_accuracy":79.65901692708333,"val/overfitting_gap":14.711263020833336,"final/best_val_accuracy":31.35,"final/best_epoch":13,"_wandb":{"runtime":338},"train/top1_accuracy":45.711263020833336,"objective":31.35,"learning_rate":0.00011606705855151624}