{"epoch":10,"final/best_epoch":10,"_wandb":{"runtime":335},"val/top5_accuracy":47.58,"final/learning_rate":0.00018031303900324248,"_timestamp":1.7561324851781988e+09,"learning_rate":1e-07,"val/top1_accuracy":18.27,"train/top1_accuracy":31.612141927083332,"_runtime":335,"objective":18.27,"train/top5_accuracy":67.3095703125,"val/loss":3.2484809703826905,"final/best_val_accuracy":18.27,"val/overfitting_gap":13.342141927083333,"train/loss":2.8166837791601815,"_step":11}