{"val/loss":2.568677899932861,"final/best_val_accuracy":38.67,"train/top5_accuracy":84.46248372395833,"val/top5_accuracy":72.8,"final/best_epoch":13,"_step":15,"best_val_accuracy":38.67,"train/loss":2.076738491654396,"final/weight_decay":0.0512599398004834,"learning_rate":0.00020471176638534253,"final/warmup_epochs":3,"train/top1_accuracy":53.9306640625,"_runtime":339,"final/learning_rate":0.0003181156238094906,"epoch":14,"val/top1_accuracy":38.49,"val/overfitting_gap":15.440664062499998,"_timestamp":1.7562679420798976e+09,"objective":38.67,"_wandb":{"runtime":339}}