{"_step":11,"final/best_val_accuracy":15.23,"train/top1_accuracy":32.651774088541664,"_timestamp":1.7561856005379152e+09,"train/top5_accuracy":68.328857421875,"val/loss":3.416888838195801,"final/learning_rate":0.000289159273371545,"val/top5_accuracy":43.16,"learning_rate":1e-07,"_runtime":344,"epoch":10,"train/loss":2.750287353992462,"val/overfitting_gap":17.421774088541664,"objective":15.23,"_wandb":{"runtime":344},"val/top1_accuracy":15.23,"final/best_epoch":10}