{"val/top5_accuracy":73.25,"best_val_accuracy":39.44,"_runtime":338,"train/loss":2.1183176760872207,"learning_rate":0.00018397163821669212,"train/top5_accuracy":83.81551106770833,"_wandb":{"runtime":338},"objective":39.44,"final/best_val_accuracy":39.44,"val/loss":2.5243062911987306,"final/warmup_epochs":2,"val/overfitting_gap":12.728782552083338,"train/top1_accuracy":52.168782552083336,"final/learning_rate":0.00030090734506794535,"epoch":14,"_step":15,"final/best_epoch":14,"final/weight_decay":0.05495553821253756,"_timestamp":1.7562725863378e+09,"val/top1_accuracy":39.44}