{"train/loss":2.300392884474534,"_timestamp":1.756280084004815e+09,"_wandb":{"runtime":472},"final/warmup_epochs":7,"train/top1_accuracy":57.24959935897436,"best_val_accuracy":40.88,"objective":40.88,"_step":20,"final/best_epoch":19,"final/learning_rate":0.0003,"epoch":19,"final/weight_decay":0.17836474614403688,"train/top5_accuracy":86.49639423076923,"_runtime":472,"learning_rate":0.00013981705011596756,"val/top1_accuracy":40.88,"val/overfitting_gap":16.369599358974355,"final/best_val_accuracy":40.88,"val/loss":2.7434965190887453,"val/top5_accuracy":73.59}