{"train/top5_accuracy":85.455322265625,"best_val_accuracy":41.11,"objective":41.11,"_runtime":343,"val/overfitting_gap":13.935572916666665,"epoch":14,"val/top1_accuracy":41.11,"_wandb":{"runtime":343},"final/weight_decay":0.03288745401824975,"train/top1_accuracy":55.045572916666664,"final/warmup_epochs":5,"train/loss":2.037935567398866,"final/best_epoch":14,"val/top5_accuracy":74.97,"final/best_val_accuracy":41.11,"val/loss":2.4711438846588134,"_timestamp":1.7562629052570643e+09,"_step":15,"final/learning_rate":0.0003022375174436067,"learning_rate":0.0002154907077879879}