{"train/top5_accuracy":76.4892578125,"final/best_epoch":14,"_runtime":338,"_timestamp":1.7562240968624027e+09,"val/top5_accuracy":60.6,"final/weight_decay":0.11083157527049337,"val/loss":2.9467327377319337,"learning_rate":7.182966283355163e-05,"_step":15,"final/best_val_accuracy":26.54,"best_val_accuracy":26.54,"train/top1_accuracy":41.951497395833336,"epoch":14,"objective":26.54,"train/loss":2.494518831372261,"val/overfitting_gap":15.411497395833337,"final/warmup_epochs":2,"_wandb":{"runtime":338},"val/top1_accuracy":26.54,"final/learning_rate":0.00011744713221052264}