{"train/top1_accuracy":33.046468098958336,"train/top5_accuracy":68.66251627604167,"val/overfitting_gap":16.986468098958337,"_wandb":{"runtime":243},"final/best_epoch":7,"epoch":10,"objective":16.46,"_timestamp":1.7561968917245138e+09,"_runtime":243,"val/loss":3.4107173973083498,"val/top5_accuracy":43.66,"final/learning_rate":0.00029816670658295896,"val/top1_accuracy":16.06,"_step":11,"final/best_val_accuracy":16.46,"train/loss":2.7370545963446298,"learning_rate":1e-07}