{"val/top1_accuracy":37.52,"val/overfitting_gap":13.338561197916661,"learning_rate":0.00014405122150111914,"best_val_accuracy":37.52,"val/top5_accuracy":72.25,"objective":37.52,"_runtime":334,"_timestamp":1.756246147697544e+09,"epoch":14,"train/top1_accuracy":50.858561197916664,"train/top5_accuracy":83.154296875,"train/loss":2.166699488957723,"final/learning_rate":0.0002020263743732795,"final/best_val_accuracy":37.52,"final/weight_decay":0.09204724097647544,"val/loss":2.5732506843566894,"_wandb":{"runtime":334},"final/warmup_epochs":5,"_step":15,"final/best_epoch":14}