{"val/loss":3.0600107040405273,"val/top5_accuracy":55.91,"final/learning_rate":0.0002027561968715157,"val/top1_accuracy":23.68,"_wandb":{"runtime":341},"val/overfitting_gap":10.841484375,"train/loss":2.7134381234645844,"objective":23.68,"train/top5_accuracy":70.19449869791667,"_timestamp":1.756185239334906e+09,"epoch":10,"final/best_epoch":10,"_runtime":341,"_step":11,"train/top1_accuracy":34.521484375,"learning_rate":1e-07,"final/best_val_accuracy":23.68}