{"train/top1_accuracy":32.818603515625,"_wandb":{"runtime":334},"train/top5_accuracy":68.65030924479167,"val/loss":3.3194239528656007,"_runtime":334,"_timestamp":1.7561554950968652e+09,"objective":17.19,"val/overfitting_gap":15.628603515624999,"train/loss":2.7223923206329346,"final/best_val_accuracy":17.19,"epoch":10,"_step":11,"val/top5_accuracy":47.15,"final/learning_rate":0.0007303567889964249,"final/best_epoch":10,"learning_rate":1e-07,"val/top1_accuracy":17.19}