{"best_val_accuracy":39.92,"val/top1_accuracy":39.92,"final/best_epoch":14,"val/top5_accuracy":73.46,"val/overfitting_gap":15.343264973958334,"final/weight_decay":0.09313558013260624,"train/loss":2.0320278828342757,"final/best_val_accuracy":39.92,"train/top1_accuracy":55.263264973958336,"_wandb":{"runtime":335},"train/top5_accuracy":85.394287109375,"objective":39.92,"_runtime":335,"learning_rate":0.00026753671622938165,"_timestamp":1.7562458013034604e+09,"final/warmup_epochs":5,"val/loss":2.5379126873016356,"_step":15,"epoch":14,"final/learning_rate":0.00037524462134713287}