{"train/top5_accuracy":74.200439453125,"_wandb":{"runtime":335},"_runtime":335,"_timestamp":1.7561645712405522e+09,"val/top1_accuracy":23.03,"learning_rate":1e-07,"val/loss":3.030243859863281,"_step":11,"objective":23.98,"train/loss":2.549114376306534,"val/overfitting_gap":15.892119140624999,"epoch":10,"final/learning_rate":0.0003927715599204928,"final/best_epoch":9,"val/top5_accuracy":57.74,"final/best_val_accuracy":23.98,"train/top1_accuracy":38.922119140625}