{"_runtime":337,"best_val_accuracy":43.12,"val/overfitting_gap":13.870559895833338,"val/top1_accuracy":43.12,"train/top1_accuracy":56.990559895833336,"val/top5_accuracy":77.46,"final/warmup_epochs":5,"final/best_val_accuracy":43.12,"final/learning_rate":0.0008520737192065586,"train/loss":1.9824899733066559,"val/loss":2.3987853450775147,"final/weight_decay":0.04107478585066265,"_step":15,"objective":43.12,"epoch":14,"_timestamp":1.7562661583652272e+09,"final/best_epoch":14,"learning_rate":0.0006074632429011936,"train/top5_accuracy":86.08805338541667,"_wandb":{"runtime":337}}