{"train/top5_accuracy":68.84358723958333,"_runtime":331,"_wandb":{"runtime":331},"final/best_epoch":9,"_timestamp":1.756152676496651e+09,"objective":20.44,"final/best_val_accuracy":20.44,"_step":11,"val/overfitting_gap":12.987402343749999,"train/top1_accuracy":33.33740234375,"epoch":10,"final/learning_rate":0.00018020919169807985,"train/loss":2.7762051622072854,"val/loss":3.1529950538635254,"val/top1_accuracy":20.35,"val/top5_accuracy":52.86,"learning_rate":1e-07}