{"val/top1_accuracy":34.51,"train/top5_accuracy":83.35367838541667,"val/top5_accuracy":68.97,"val/overfitting_gap":17.520436197916666,"val/loss":2.7208627063751223,"train/top1_accuracy":52.030436197916664,"final/best_epoch":14,"learning_rate":0.0003826648311086646,"final/best_val_accuracy":34.51,"epoch":14,"_wandb":{"runtime":337},"best_val_accuracy":34.51,"_timestamp":1.7562621966849434e+09,"final/weight_decay":0.07451007264207786,"final/learning_rate":0.0006259622171329383,"_runtime":337,"objective":34.51,"_step":15,"final/warmup_epochs":2,"train/loss":2.1306872939070067}