{"train/top5_accuracy":84.03727213541667,"val/top1_accuracy":34.64,"final/best_val_accuracy":34.64,"final/warmup_epochs":3,"val/top5_accuracy":68.16,"_wandb":{"runtime":339},"objective":34.64,"val/overfitting_gap":18.004856770833335,"epoch":14,"val/loss":2.70994854888916,"best_val_accuracy":34.64,"_step":15,"_runtime":339,"final/best_epoch":14,"final/learning_rate":0.0003440645863289318,"train/top1_accuracy":52.644856770833336,"learning_rate":0.00022140737081310092,"_timestamp":1.7562393995408416e+09,"train/loss":2.1081114610036216,"final/weight_decay":0.10898142079877492}