{"val/top1_accuracy":41.36,"final/best_val_accuracy":41.36,"learning_rate":0.0003499249207158809,"val/overfitting_gap":12.3509375,"_timestamp":1.756231952996263e+09,"train/loss":2.0823302219311395,"objective":41.36,"epoch":14,"_wandb":{"runtime":338},"final/warmup_epochs":3,"val/loss":2.451480770492554,"train/top5_accuracy":84.38517252604167,"train/top1_accuracy":53.7109375,"val/top5_accuracy":75.72,"best_val_accuracy":41.36,"_step":15,"_runtime":338,"final/best_epoch":14,"final/weight_decay":0.04679357804548915,"final/learning_rate":0.0005438115975825704}