{"objective":35.58,"best_val_accuracy":35.58,"train/top5_accuracy":82.928466796875,"val/top5_accuracy":68.35,"train/loss":2.1630359490712485,"_runtime":334,"epoch":14,"_wandb":{"runtime":334},"val/loss":2.6997224422454833,"_timestamp":1.7562625481374855e+09,"train/top1_accuracy":51.047770182291664,"final/warmup_epochs":3,"_step":15,"final/best_epoch":14,"final/learning_rate":0.00028487340120602396,"learning_rate":0.00018332366663102173,"val/top1_accuracy":35.58,"final/best_val_accuracy":35.58,"val/overfitting_gap":15.467770182291666,"final/weight_decay":0.07729020086510464}