{"epoch":14,"best_val_accuracy":40.63,"final/best_val_accuracy":40.63,"_runtime":338,"train/loss":2.1527282297611237,"final/warmup_epochs":5,"_timestamp":1.7562646825793567e+09,"val/overfitting_gap":10.747360026041662,"_wandb":{"runtime":338},"_step":15,"val/top5_accuracy":74.18,"val/top1_accuracy":40.63,"final/best_epoch":14,"train/top1_accuracy":51.377360026041664,"val/loss":2.491248804473877,"train/top5_accuracy":83.148193359375,"final/learning_rate":0.0002668224369447676,"learning_rate":0.00019024366359581013,"final/weight_decay":0.13148686872492843,"objective":40.63}