{"_runtime":330,"train/top5_accuracy":70.03580729166667,"epoch":10,"val/overfitting_gap":16.328616536458334,"val/top1_accuracy":17.67,"final/best_epoch":10,"learning_rate":1e-07,"_timestamp":1.7561442794618113e+09,"_step":11,"final/best_val_accuracy":17.67,"train/top1_accuracy":33.998616536458336,"val/top5_accuracy":47.73,"objective":17.67,"train/loss":2.7041985988616943,"final/learning_rate":0.000268787208702135,"val/loss":3.2926817436218263,"_wandb":{"runtime":330}}