{"final/warmup_epochs":5,"train/loss":2.0244720006982484,"final/learning_rate":0.000777969331244493,"val/top1_accuracy":43.52,"_runtime":340,"learning_rate":0.0005546349920159845,"_wandb":{"runtime":340},"best_val_accuracy":43.52,"final/best_epoch":14,"train/top1_accuracy":55.234781901041664,"final/weight_decay":0.05882865210178944,"final/best_val_accuracy":43.52,"val/top5_accuracy":76.91,"_timestamp":1.756277906370731e+09,"_step":15,"epoch":14,"train/top5_accuracy":85.577392578125,"objective":43.52,"val/loss":2.4013677757263183,"val/overfitting_gap":11.714781901041661}