{"final/best_val_accuracy":39.99,"_wandb":{"runtime":341},"val/overfitting_gap":15.367421874999998,"final/weight_decay":0.12380892816220444,"_step":15,"final/best_epoch":13,"val/top1_accuracy":38.49,"best_val_accuracy":39.99,"final/warmup_epochs":2,"final/learning_rate":0.0004816512995917715,"_runtime":341,"val/loss":2.565923553466797,"val/top5_accuracy":72.92,"_timestamp":1.7562775488333132e+09,"train/top5_accuracy":84.72493489583333,"epoch":14,"train/top1_accuracy":53.857421875,"objective":39.99,"learning_rate":0.0002944532722624046,"train/loss":2.0707265213131905}