{"val/top5_accuracy":33.37,"final/best_epoch":9,"_timestamp":1.7561321297506025e+09,"objective":11.51,"train/top1_accuracy":28.9306640625,"final/best_val_accuracy":11.51,"_step":11,"epoch":10,"final/learning_rate":0.0015278520067398091,"val/overfitting_gap":18.0006640625,"train/top5_accuracy":63.138834635416664,"_wandb":{"runtime":327},"val/top1_accuracy":10.93,"_runtime":327,"val/loss":3.7355956615448,"learning_rate":1e-07,"train/loss":2.875955268740654}