{"_wandb":{"runtime":322},"val/top1_accuracy":18.54,"val/loss":3.2563715717315675,"train/top5_accuracy":70.51595052083333,"val/overfitting_gap":16.435179036458337,"final/learning_rate":0.00026865617567103993,"epoch":10,"final/best_epoch":10,"learning_rate":1e-07,"train/loss":2.6937611550092697,"val/top5_accuracy":48.78,"_runtime":322,"_timestamp":1.7561352727452967e+09,"objective":18.54,"final/best_val_accuracy":18.54,"train/top1_accuracy":34.975179036458336,"_step":11}