{"_runtime":341,"epoch":14,"val/top1_accuracy":38.98,"val/top5_accuracy":73.28,"val/overfitting_gap":14.210104166666667,"val/loss":2.5408432327270507,"_step":15,"final/warmup_epochs":3,"final/best_val_accuracy":38.98,"best_val_accuracy":38.98,"_timestamp":1.7562546754080482e+09,"learning_rate":0.0006293388238314384,"final/weight_decay":0.0375443718786483,"train/top5_accuracy":83.8134765625,"train/top1_accuracy":53.190104166666664,"final/best_epoch":14,"objective":38.98,"final/learning_rate":0.0009780876329743638,"_wandb":{"runtime":341},"train/loss":2.098592753211657}