{"final/learning_rate":0.0002691052335558472,"final/best_val_accuracy":19.8,"objective":19.8,"train/top5_accuracy":70.71329752604167,"val/top5_accuracy":48.22,"epoch":10,"val/top1_accuracy":19.13,"train/loss":2.6792581727107367,"_timestamp":1.7561509180695543e+09,"_step":11,"val/overfitting_gap":15.497278645833337,"val/loss":3.256645394515991,"final/best_epoch":7,"learning_rate":1e-07,"_wandb":{"runtime":334},"_runtime":334,"train/top1_accuracy":34.627278645833336}