{"train/loss":2.1670591731866202,"val/loss":2.8028295417785642,"val/top5_accuracy":66.58,"val/overfitting_gap":18.652766927083334,"final/warmup_epochs":2,"final/learning_rate":0.0009255401196533844,"final/weight_decay":0.11840521626066282,"train/top5_accuracy":82.57649739583333,"final/best_epoch":14,"objective":32.1,"best_val_accuracy":32.1,"val/top1_accuracy":32.1,"_wandb":{"runtime":336},"_step":15,"_runtime":336,"learning_rate":0.0005657849596996496,"train/top1_accuracy":50.752766927083336,"_timestamp":1.756276837633246e+09,"final/best_val_accuracy":32.1,"epoch":14}