{"train/loss":2.0644260620077453,"val/overfitting_gap":11.495322265625,"final/best_val_accuracy":42.71,"final/warmup_epochs":2,"final/learning_rate":0.0004947708159099819,"val/top5_accuracy":76.63,"train/top5_accuracy":84.710693359375,"learning_rate":0.00030247271393360155,"train/top1_accuracy":54.205322265625,"_timestamp":1.7562137828087535e+09,"val/top1_accuracy":42.71,"_runtime":341,"final/weight_decay":0.047553752224425046,"final/best_epoch":14,"best_val_accuracy":42.71,"val/loss":2.4061738716125487,"_wandb":{"runtime":341},"objective":42.71,"_step":15,"epoch":14}