{"train/loss":2.2929834524790444,"_wandb":{"runtime":338},"objective":36.36,"_step":15,"train/top5_accuracy":80.64371744791667,"final/warmup_epochs":3,"final/weight_decay":0.08825818033703524,"_runtime":338,"val/overfitting_gap":10.94224609375,"final/best_epoch":14,"epoch":14,"_timestamp":1.7562301524579303e+09,"val/top5_accuracy":71.06,"final/learning_rate":0.0001679618694024272,"val/top1_accuracy":36.36,"val/loss":2.6136544605255128,"train/top1_accuracy":47.30224609375,"learning_rate":0.00010810259809798495,"final/best_val_accuracy":36.36,"best_val_accuracy":36.36}