{"_wandb":{"runtime":324},"val/top5_accuracy":52.31,"train/loss":2.626609226067861,"_step":11,"_timestamp":1.7561411569436197e+09,"final/best_epoch":9,"learning_rate":1e-07,"epoch":10,"val/overfitting_gap":17.51896484375,"_runtime":324,"train/top1_accuracy":37.43896484375,"val/top1_accuracy":19.92,"final/learning_rate":0.0002685051128276493,"train/top5_accuracy":72.607421875,"val/loss":3.175020384979248,"final/best_val_accuracy":20.11,"objective":20.11}