{"train/top1_accuracy":36.309814453125,"objective":20.38,"_wandb":{"runtime":340},"final/best_val_accuracy":20.38,"val/top5_accuracy":52.05,"val/top1_accuracy":20.27,"_timestamp":1.7561771382580457e+09,"_runtime":340,"train/loss":2.645276074608167,"val/overfitting_gap":16.039814453125,"train/top5_accuracy":72.14152018229167,"epoch":10,"final/best_epoch":9,"_step":11,"learning_rate":1e-07,"val/loss":3.1633997478485107,"final/learning_rate":0.00026820253354479406}