{"val/loss":2.4007992904663085,"learning_rate":0.0003367107195157367,"objective":43.58,"_step":15,"val/overfitting_gap":10.375078125000002,"final/best_val_accuracy":43.58,"_timestamp":1.7562740020473475e+09,"final/best_epoch":14,"final/weight_decay":0.05929864061302147,"train/top5_accuracy":84.417724609375,"_runtime":336,"train/loss":2.0737991208831468,"final/warmup_epochs":3,"_wandb":{"runtime":336},"val/top1_accuracy":43.58,"best_val_accuracy":43.58,"train/top1_accuracy":53.955078125,"epoch":14,"final/learning_rate":0.0005232735683575365,"val/top5_accuracy":76.84}