{"final/best_epoch":10,"objective":13.32,"final/best_val_accuracy":13.32,"val/overfitting_gap":12.483629557291668,"_runtime":329,"val/loss":3.5161004905700683,"_wandb":{"runtime":329},"learning_rate":1e-07,"epoch":10,"val/top5_accuracy":39.3,"train/top1_accuracy":25.803629557291668,"train/top5_accuracy":59.920247395833336,"val/top1_accuracy":13.32,"_step":11,"_timestamp":1.7561383808035724e+09,"final/learning_rate":0.0022389829517965648,"train/loss":2.9603682458400726}