{"val/overfitting_gap":18.974964192708335,"val/top1_accuracy":34.03,"_step":15,"train/loss":2.0988231177131333,"learning_rate":0.0002473521212831395,"objective":34.03,"final/warmup_epochs":5,"val/top5_accuracy":66.34,"epoch":14,"final/learning_rate":0.00034693084927083157,"_wandb":{"runtime":337},"final/best_val_accuracy":34.03,"_runtime":337,"train/top1_accuracy":53.004964192708336,"train/top5_accuracy":84.30379231770833,"final/weight_decay":0.12705582735598306,"best_val_accuracy":34.03,"_timestamp":1.7562379705717604e+09,"val/loss":2.758858154678345,"final/best_epoch":14}