{"val/top5_accuracy":73.99,"final/best_epoch":14,"train/top5_accuracy":84.87345377604167,"final/best_val_accuracy":41,"final/warmup_epochs":3,"objective":41,"train/top1_accuracy":54.048665364583336,"val/overfitting_gap":13.048665364583336,"train/loss":2.0602168490489325,"_timestamp":1.7562507637635965e+09,"best_val_accuracy":41,"val/loss":2.5059398204803465,"_step":15,"final/weight_decay":0.06838107597064608,"learning_rate":0.00031238096272567925,"final/learning_rate":0.0004854593071378183,"epoch":14,"_runtime":337,"val/top1_accuracy":41,"_wandb":{"runtime":337}}