{"learning_rate":1e-07,"train/top1_accuracy":36.104329427083336,"epoch":10,"_runtime":323,"val/overfitting_gap":15.774329427083337,"final/best_epoch":9,"val/loss":3.183787149810791,"val/top5_accuracy":51.05,"objective":20.6,"final/best_val_accuracy":20.6,"train/top5_accuracy":72.1435546875,"final/learning_rate":0.00026805362050282336,"_step":11,"_timestamp":1.7561600301622722e+09,"_wandb":{"runtime":323},"train/loss":2.6452737202246985,"val/top1_accuracy":20.33}