{"val/overfitting_gap":15.771956380208337,"_step":11,"epoch":10,"final/best_epoch":9,"train/loss":2.6192657550175986,"val/loss":3.143996196746826,"_runtime":327,"final/best_val_accuracy":21.16,"objective":21.16,"_timestamp":1.7561656228214457e+09,"val/top1_accuracy":20.9,"val/top5_accuracy":53.05,"_wandb":{"runtime":327},"train/top5_accuracy":72.503662109375,"final/learning_rate":0.00029018650627122205,"learning_rate":1e-07,"train/top1_accuracy":36.671956380208336}