{"_wandb":{"runtime":341},"train/top1_accuracy":58.339436848958336,"learning_rate":0.0002579368481808463,"final/warmup_epochs":5,"_runtime":341,"_timestamp":1.756260395402066e+09,"train/loss":1.9472455605864525,"objective":42.91,"final/best_val_accuracy":42.91,"best_val_accuracy":42.91,"final/best_epoch":14,"val/loss":2.4383654720306396,"final/weight_decay":0.1312215920580893,"epoch":14,"val/top1_accuracy":42.91,"val/overfitting_gap":15.42943684895834,"train/top5_accuracy":86.64143880208333,"_step":15,"final/learning_rate":0.0003617784865739208,"val/top5_accuracy":74.91}