{"_runtime":339,"final/warmup_epochs":5,"final/best_epoch":14,"_timestamp":1.7562761371774278e+09,"val/top5_accuracy":61.62,"val/loss":2.9037147689819336,"train/top5_accuracy":77.94596354166667,"train/loss":2.423353140552839,"final/weight_decay":0.05833178881980096,"objective":28.67,"best_val_accuracy":28.67,"final/learning_rate":0.00013319393091775896,"val/overfitting_gap":15.035240885416663,"_step":15,"final/best_val_accuracy":28.67,"train/top1_accuracy":43.705240885416664,"_wandb":{"runtime":339},"epoch":14,"val/top1_accuracy":28.67,"learning_rate":9.49812852677666e-05}