{"_timestamp":1.7562672268933613e+09,"train/top5_accuracy":81.06486002604167,"best_val_accuracy":32.52,"learning_rate":0.0004509324106090925,"_step":15,"epoch":14,"val/overfitting_gap":15.766946614583333,"val/top5_accuracy":66.86,"train/loss":2.2426707595586777,"final/weight_decay":0.12704600063092378,"val/top1_accuracy":32.52,"val/loss":2.7739501697540283,"objective":32.52,"_wandb":{"runtime":341},"_runtime":341,"final/best_epoch":14,"final/best_val_accuracy":32.52,"final/warmup_epochs":2,"final/learning_rate":0.0007376455063172005,"train/top1_accuracy":48.286946614583336}