{"_wandb":{"runtime":336},"train/top1_accuracy":51.019287109375,"val/top1_accuracy":31.9,"train/top5_accuracy":82.74129231770833,"final/best_epoch":13,"train/loss":2.159361864129702,"val/loss":2.808754454421997,"val/top5_accuracy":63.95,"_step":15,"val/overfitting_gap":19.119287109375,"final/best_val_accuracy":37.35,"epoch":14,"learning_rate":0.0005638204903100874,"final/warmup_epochs":3,"objective":37.35,"_timestamp":1.7562397514422393e+09,"_runtime":336,"best_val_accuracy":37.35,"final/learning_rate":0.0008762564720698113,"final/weight_decay":0.07993432318860205}