{"train/loss":2.006663496295611,"_wandb":{"runtime":338},"_runtime":338,"final/best_epoch":14,"epoch":14,"train/top5_accuracy":85.93343098958333,"val/overfitting_gap":16.025895182291663,"val/top1_accuracy":40.1,"learning_rate":0.00025987809069464744,"train/top1_accuracy":56.125895182291664,"final/weight_decay":0.1217386066937301,"_timestamp":1.7562422406219783e+09,"objective":40.1,"_step":15,"val/loss":2.520510032272339,"val/top5_accuracy":73.91,"final/warmup_epochs":3,"final/best_val_accuracy":40.1,"best_val_accuracy":40.1,"final/learning_rate":0.00040385728641485687}