{"train/loss":2.534595623612404,"objective":23.09,"final/learning_rate":0.0004460800407779284,"_step":11,"learning_rate":1e-07,"_runtime":334,"train/top5_accuracy":74.63582356770833,"val/top1_accuracy":23.02,"_wandb":{"runtime":334},"val/top5_accuracy":56.11,"_timestamp":1.7561428947184083e+09,"train/top1_accuracy":39.581298828125,"epoch":10,"final/best_epoch":9,"val/overfitting_gap":16.561298828125,"final/best_val_accuracy":23.09,"val/loss":3.0836317459106444}