{"val/loss":2.6043377311706544,"learning_rate":0.00021089534938768624,"train/top5_accuracy":83.70157877604167,"val/top1_accuracy":37.47,"best_val_accuracy":37.47,"final/learning_rate":0.00032772639077860265,"final/weight_decay":0.08050741704188738,"train/top1_accuracy":52.024332682291664,"_step":15,"final/best_val_accuracy":37.47,"_timestamp":1.756268644650665e+09,"final/best_epoch":14,"epoch":14,"train/loss":2.1290308286746344,"final/warmup_epochs":3,"_runtime":335,"val/overfitting_gap":14.554332682291665,"_wandb":{"runtime":335},"val/top5_accuracy":71.02,"objective":37.47}