{"train/top5_accuracy":80.34261067708333,"val/overfitting_gap":11.508515625000001,"final/best_epoch":14,"_runtime":339,"val/top5_accuracy":70.06,"final/learning_rate":0.00016443229964611432,"_timestamp":1.75625396723386e+09,"learning_rate":0.00011725079488534821,"final/weight_decay":0.13058734334342526,"final/best_val_accuracy":35.22,"train/loss":2.304139922062556,"epoch":14,"best_val_accuracy":35.22,"val/loss":2.653308465957642,"val/top1_accuracy":35.22,"objective":35.22,"final/warmup_epochs":5,"_step":15,"train/top1_accuracy":46.728515625,"_wandb":{"runtime":339}}