{"learning_rate":0.0002200181363077637,"_runtime":335,"val/overfitting_gap":17.351966145833337,"final/weight_decay":0.05670264290069144,"train/top1_accuracy":53.181966145833336,"final/warmup_epochs":2,"train/loss":2.0999402975042663,"_step":15,"best_val_accuracy":35.83,"final/best_epoch":14,"_timestamp":1.7562675804572248e+09,"final/learning_rate":0.0003598781112771068,"val/top5_accuracy":68.78,"final/best_val_accuracy":35.83,"val/loss":2.6794280632019043,"epoch":14,"train/top5_accuracy":84.15934244791667,"_wandb":{"runtime":335},"objective":35.83,"val/top1_accuracy":35.83}