{"train/loss":2.158575192093849,"_runtime":339,"final/weight_decay":0.06517300747596089,"final/learning_rate":0.0008793560488622779,"final/warmup_epochs":2,"learning_rate":0.0005375544630209245,"val/overfitting_gap":11.777561848958335,"val/top5_accuracy":73.88,"epoch":14,"val/loss":2.521392778015137,"val/top1_accuracy":39.14,"best_val_accuracy":39.14,"train/top1_accuracy":50.917561848958336,"_timestamp":1.7562280184226792e+09,"final/best_epoch":14,"train/top5_accuracy":82.98136393229167,"objective":39.14,"_wandb":{"runtime":339},"final/best_val_accuracy":39.14,"_step":15}