{"_step":15,"val/top1_accuracy":32.99,"_wandb":{"runtime":337},"final/best_val_accuracy":32.99,"final/learning_rate":0.000334602576876882,"val/overfitting_gap":18.879710286458334,"val/loss":2.799262119293213,"_timestamp":1.756255378361774e+09,"val/top5_accuracy":65.16,"_runtime":337,"train/top5_accuracy":83.41267903645833,"final/best_epoch":14,"final/warmup_epochs":2,"train/top1_accuracy":51.869710286458336,"best_val_accuracy":32.99,"train/loss":2.1404014229774475,"final/weight_decay":0.07729189314076843,"objective":32.99,"epoch":14,"learning_rate":0.00020456820134715965}