{"final/best_epoch":9,"learning_rate":1e-07,"_wandb":{"runtime":325},"final/best_val_accuracy":24.6,"train/loss":2.5579030166069665,"_step":11,"epoch":10,"train/top5_accuracy":74.03971354166667,"objective":24.6,"final/learning_rate":0.00044452097394732346,"val/top1_accuracy":24.23,"val/overfitting_gap":14.093974609375,"_runtime":325,"val/loss":2.9910715023040773,"val/top5_accuracy":59.04,"_timestamp":1.756178180122932e+09,"train/top1_accuracy":38.323974609375}