{"final/best_epoch":10,"val/overfitting_gap":1.3717350260416694,"_step":11,"_runtime":331,"train/loss":2.8528528064489365,"train/top5_accuracy":64.801025390625,"_wandb":{"runtime":331},"_timestamp":1.7561512633995242e+09,"epoch":10,"val/top5_accuracy":62.83,"train/top1_accuracy":29.111735026041668,"objective":27.74,"learning_rate":1e-07,"final/learning_rate":0.002240779674007136,"final/best_val_accuracy":27.74,"val/top1_accuracy":27.74,"val/loss":2.896678925704956}