{"final/warmup_epochs":3,"val/loss":2.58600244140625,"final/best_val_accuracy":37.06,"_timestamp":1.756230894538405e+09,"_wandb":{"runtime":337},"final/learning_rate":0.00013762597881139416,"_step":15,"final/best_epoch":14,"val/top5_accuracy":73.42,"train/loss":2.401086002588272,"_runtime":337,"best_val_accuracy":37.06,"learning_rate":8.858443705812918e-05,"train/top1_accuracy":44.124348958333336,"epoch":14,"val/top1_accuracy":37.06,"final/weight_decay":0.015412739562358283,"val/overfitting_gap":7.064348958333333,"train/top5_accuracy":78.80452473958333,"objective":37.06}