{"_runtime":331,"final/best_val_accuracy":16.57,"val/top5_accuracy":46,"_wandb":{"runtime":331},"val/loss":3.3619236373901367,"val/overfitting_gap":17.583238932291664,"_step":11,"train/loss":2.682803456981977,"final/learning_rate":0.0007295087932812134,"final/best_epoch":10,"epoch":10,"learning_rate":1e-07,"train/top1_accuracy":34.153238932291664,"objective":16.57,"_timestamp":1.7561404724477537e+09,"train/top5_accuracy":69.97884114583333,"val/top1_accuracy":16.57}