{"train/top5_accuracy":86.28743489583333,"learning_rate":0.0006834079213742505,"final/best_val_accuracy":48.87,"final/warmup_epochs":5,"_step":15,"final/weight_decay":0.08163330452458396,"val/overfitting_gap":8.112421875000003,"epoch":14,"objective":48.87,"val/top1_accuracy":48.87,"val/loss":2.2383648529052733,"train/top1_accuracy":56.982421875,"val/top5_accuracy":81.05,"final/best_epoch":14,"_wandb":{"runtime":335},"_timestamp":1.7562704335328221e+09,"final/learning_rate":0.0009586044830103894,"train/loss":1.97983830422163,"best_val_accuracy":48.87,"_runtime":335}