{"train/top1_accuracy":32.442220052083336,"_timestamp":1.756186293825874e+09,"learning_rate":1e-07,"train/top5_accuracy":67.79988606770833,"val/top1_accuracy":17.96,"_runtime":330,"final/learning_rate":0.00035151585019039427,"final/best_epoch":9,"_wandb":{"runtime":330},"val/overfitting_gap":14.482220052083335,"_step":11,"val/loss":3.3112337814331054,"final/best_val_accuracy":17.99,"objective":17.99,"epoch":10,"val/top5_accuracy":46.99,"train/loss":2.750631054242452}