{"final/learning_rate":0.0005934615573651031,"val/overfitting_gap":17.075618489583334,"_wandb":{"runtime":332},"_timestamp":1.756176064508826e+09,"val/top1_accuracy":17.1,"final/best_epoch":10,"epoch":10,"train/loss":2.6706982602675757,"final/best_val_accuracy":17.1,"_runtime":332,"train/top5_accuracy":70.32063802083333,"objective":17.1,"_step":11,"val/loss":3.3666822288513183,"learning_rate":1e-07,"train/top1_accuracy":34.175618489583336,"val/top5_accuracy":46.37}