{"final/weight_decay":0.05499852196704588,"_step":15,"_wandb":{"runtime":335},"train/top5_accuracy":80.43619791666667,"learning_rate":0.00013943233141889915,"val/loss":2.7605009674072267,"epoch":14,"final/best_epoch":14,"best_val_accuracy":32.54,"objective":32.54,"val/overfitting_gap":13.970823567708337,"val/top5_accuracy":66.7,"train/top1_accuracy":46.510823567708336,"val/top1_accuracy":32.54,"train/loss":2.2992866734663644,"_timestamp":1.7562212506548598e+09,"final/best_val_accuracy":32.54,"final/warmup_epochs":5,"_runtime":335,"final/learning_rate":0.0001955472648651737}