{"final/weight_decay":0.08434325750888515,"epoch":14,"best_val_accuracy":47.05,"final/best_epoch":14,"final/learning_rate":0.0009546689383120616,"val/top1_accuracy":47.05,"learning_rate":0.0006806023123082977,"objective":47.05,"val/top5_accuracy":79.27,"_step":15,"final/best_val_accuracy":47.05,"train/top5_accuracy":86.80013020833333,"_timestamp":1.7562536128226855e+09,"val/loss":2.293962368774414,"train/loss":1.9417835945884387,"val/overfitting_gap":11.553922526041667,"_wandb":{"runtime":335},"final/warmup_epochs":5,"train/top1_accuracy":58.603922526041664,"_runtime":335}