{"val/top5_accuracy":75.22,"learning_rate":0.00012195217187787071,"final/learning_rate":0.0003,"objective":44.4,"_wandb":{"runtime":456},"val/loss":2.5168432846069337,"_step":20,"train/top5_accuracy":88.91398111979167,"final/best_val_accuracy":44.4,"_runtime":456,"_timestamp":1.7562829242062082e+09,"val/overfitting_gap":19.39537760416666,"val/top1_accuracy":42.95,"final/weight_decay":0.01917663611622963,"best_val_accuracy":44.4,"epoch":19,"train/loss":1.914680615067482,"final/warmup_epochs":5,"train/top1_accuracy":62.345377604166664,"final/best_epoch":18}