{"val/loss":2.959320486450195,"_timestamp":1.756194700985866e+09,"final/best_val_accuracy":25.46,"_step":11,"train/top1_accuracy":40.364583333333336,"_wandb":{"runtime":326},"_runtime":326,"val/top5_accuracy":60.01,"train/loss":2.486546883980433,"final/learning_rate":0.0011723480918722398,"objective":25.46,"final/best_epoch":10,"learning_rate":1e-07,"epoch":10,"val/top1_accuracy":25.46,"train/top5_accuracy":75.45369466145833,"val/overfitting_gap":14.904583333333335}