{"val/loss":3.075602903366089,"val/top5_accuracy":55.45,"final/learning_rate":0.00026816039185100133,"train/loss":2.6922504901885986,"_step":11,"_timestamp":1.756169782046718e+09,"learning_rate":1e-07,"objective":22.37,"_runtime":332,"final/best_val_accuracy":22.37,"val/top1_accuracy":22.37,"final/best_epoch":10,"_wandb":{"runtime":332},"epoch":10,"train/top5_accuracy":70.782470703125,"train/top1_accuracy":35.227457682291664,"val/overfitting_gap":12.857457682291663}