{"train/top5_accuracy":37.239583333333336,"epoch":5,"_wandb":{"runtime":53},"final/best_val_accuracy":7.1,"val/top5_accuracy":36.1,"final/learning_rate":0.0002900969670644955,"val/loss":2.9728782920837404,"_timestamp":1.7561891311521978e+09,"final/best_epoch":4,"train/top1_accuracy":8.094618055555555,"objective":7.1,"_step":6,"train/loss":2.9760157267252603,"learning_rate":1e-07,"val/top1_accuracy":6.65,"val/overfitting_gap":1.444618055555555,"_runtime":53}