{"train/top5_accuracy":72.30631510416667,"val/top5_accuracy":55.74,"_timestamp":1.7561669941239986e+09,"learning_rate":1e-07,"train/top1_accuracy":36.814371744791664,"final/best_epoch":10,"_step":11,"final/learning_rate":0.0002690977116802642,"_runtime":331,"final/best_val_accuracy":23.28,"train/loss":2.6265674283107123,"epoch":10,"objective":23.28,"val/overfitting_gap":13.534371744791663,"val/loss":3.0419352821350096,"val/top1_accuracy":23.28,"_wandb":{"runtime":331}}