{"final/best_epoch":14,"val/overfitting_gap":17.474541015625,"_timestamp":1.7562468574005046e+09,"_wandb":{"runtime":340},"final/warmup_epochs":2,"val/loss":2.9538969051361086,"train/top1_accuracy":45.904541015625,"final/learning_rate":0.00020278742709665604,"learning_rate":0.00012399481133770318,"_runtime":340,"final/weight_decay":0.03698809342559648,"val/top1_accuracy":28.43,"objective":28.43,"val/top5_accuracy":60.41,"_step":15,"train/loss":2.3306832760572433,"best_val_accuracy":28.43,"train/top5_accuracy":79.52067057291667,"epoch":14,"final/best_val_accuracy":28.43}