{"train/top1_accuracy":34.267171223958336,"_timestamp":1.756188720953534e+09,"epoch":10,"val/loss":3.183649718475342,"final/best_epoch":10,"objective":20.55,"_step":11,"val/top5_accuracy":51.05,"final/learning_rate":0.0002686097375824937,"train/loss":2.7050794760386148,"_wandb":{"runtime":328},"val/top1_accuracy":20.55,"_runtime":328,"val/overfitting_gap":13.717171223958335,"learning_rate":1e-07,"final/best_val_accuracy":20.55,"train/top5_accuracy":69.89949544270833}