{"train/top5_accuracy":75.85652669270833,"val/overfitting_gap":15.994762369791665,"val/loss":2.961314300918579,"_timestamp":1.7561418389344473e+09,"final/best_val_accuracy":24.97,"train/top1_accuracy":40.964762369791664,"val/top5_accuracy":59.73,"final/best_epoch":10,"learning_rate":1e-07,"final/learning_rate":0.0004453450032907394,"epoch":10,"val/top1_accuracy":24.97,"_wandb":{"runtime":324},"_step":11,"train/loss":2.491947198907534,"objective":24.97,"_runtime":324}