{"_step":15,"final/warmup_epochs":3,"best_val_accuracy":42.43,"val/overfitting_gap":12.499606119791665,"train/top1_accuracy":54.929606119791664,"val/top5_accuracy":75.37,"val/loss":2.438763394165039,"final/best_epoch":14,"learning_rate":0.0005560533392042911,"_runtime":340,"train/loss":2.0426526938875518,"train/top5_accuracy":85.14404296875,"final/best_val_accuracy":42.43,"epoch":14,"objective":42.43,"final/learning_rate":0.0008641844615116275,"_timestamp":1.756269372845488e+09,"_wandb":{"runtime":340},"val/top1_accuracy":42.43,"final/weight_decay":0.13169217570507394}