{"final/learning_rate":0.0002689542860596008,"_runtime":336,"_wandb":{"runtime":336},"train/top1_accuracy":35.58349609375,"final/best_epoch":10,"epoch":10,"learning_rate":1e-07,"_timestamp":1.756146024635292e+09,"train/top5_accuracy":71.136474609375,"val/top1_accuracy":18.83,"objective":18.83,"_step":11,"val/top5_accuracy":48.08,"final/best_val_accuracy":18.83,"val/loss":3.2728557876586915,"val/overfitting_gap":16.75349609375,"train/loss":2.668945237994194}