{"_wandb":{"runtime":338},"final/warmup_epochs":3,"val/overfitting_gap":14.63305013020834,"train/top1_accuracy":54.543050130208336,"val/loss":2.5186809158325194,"_runtime":338,"final/best_epoch":14,"learning_rate":0.0004520990292946288,"final/learning_rate":0.0007026146002195516,"val/top1_accuracy":39.91,"objective":39.91,"best_val_accuracy":39.91,"epoch":14,"_step":15,"train/loss":2.0559773445129395,"train/top5_accuracy":84.80224609375,"_timestamp":1.7562447274586892e+09,"val/top5_accuracy":73.72,"final/best_val_accuracy":39.91,"final/weight_decay":0.05514385866477811}