{"final/best_val_accuracy":16.34,"_runtime":330,"val/top1_accuracy":16.34,"_step":11,"final/learning_rate":0.0007275077219635578,"val/loss":3.3715118995666504,"learning_rate":1e-07,"train/top5_accuracy":69.09586588541667,"_timestamp":1.756164218280207e+09,"objective":16.34,"train/top1_accuracy":33.913167317708336,"_wandb":{"runtime":330},"val/overfitting_gap":17.573167317708336,"final/best_epoch":10,"train/loss":2.704910779992739,"epoch":10,"val/top5_accuracy":44.89}