{"train/top5_accuracy":79.31315104166667,"final/learning_rate":0.00016869805691808117,"train/loss":2.3484738618135452,"val/overfitting_gap":11.231054687499999,"_step":15,"epoch":14,"val/top5_accuracy":68.44,"_wandb":{"runtime":336},"objective":34.35,"final/warmup_epochs":5,"learning_rate":0.00012029180907595486,"train/top1_accuracy":45.5810546875,"_timestamp":1.7562297929546604e+09,"_runtime":336,"final/best_val_accuracy":34.35,"best_val_accuracy":34.35,"val/loss":2.7008966678619384,"val/top1_accuracy":34.35,"final/weight_decay":0.10806046399691852,"final/best_epoch":14}