{"final/best_epoch":9,"val/overfitting_gap":19.184111328125,"val/top5_accuracy":50.7,"val/top1_accuracy":19.03,"_wandb":{"runtime":326},"final/best_val_accuracy":19.19,"objective":19.19,"_timestamp":1.756148828262642e+09,"epoch":10,"learning_rate":1e-07,"train/loss":2.5776339123646417,"final/learning_rate":0.0004468204710297642,"val/loss":3.2552192779541014,"_step":11,"train/top1_accuracy":38.214111328125,"_runtime":326,"train/top5_accuracy":73.43546549479167}