{"epoch":10,"learning_rate":1e-07,"objective":23.45,"_step":11,"final/best_epoch":10,"train/top1_accuracy":37.978108723958336,"val/top5_accuracy":55.92,"train/top5_accuracy":73.64298502604167,"_timestamp":1.7561659659502616e+09,"val/top1_accuracy":23.45,"val/loss":3.0511622520446777,"train/loss":2.5846016854047775,"final/best_val_accuracy":23.45,"val/overfitting_gap":14.528108723958336,"final/learning_rate":0.00029012106924407267,"_wandb":{"runtime":327},"_runtime":327}