{"best_val_accuracy":30.46,"final/best_val_accuracy":30.46,"_timestamp":1.7562732915927594e+09,"val/overfitting_gap":13.812867838541663,"val/top1_accuracy":30.46,"_step":15,"final/learning_rate":0.00012956159605793008,"final/best_epoch":14,"_wandb":{"runtime":337},"train/top1_accuracy":44.272867838541664,"train/loss":2.4119316041469574,"final/weight_decay":0.13369039261209884,"epoch":14,"val/loss":2.8367275287628173,"train/top5_accuracy":78.37931315104167,"objective":30.46,"_runtime":337,"final/warmup_epochs":5,"val/top5_accuracy":64.08,"learning_rate":9.239183135617958e-05}