{"final/warmup_epochs":5,"_timestamp":1.7562564506678653e+09,"best_val_accuracy":29.94,"final/learning_rate":0.00015062864441158424,"objective":29.94,"val/overfitting_gap":15.704124348958334,"_runtime":337,"val/top5_accuracy":64.74,"train/top1_accuracy":45.644124348958336,"final/weight_decay":0.02302199418170463,"_step":15,"epoch":14,"train/top5_accuracy":79.59798177083333,"learning_rate":0.0001074103119946995,"_wandb":{"runtime":337},"final/best_val_accuracy":29.94,"val/loss":2.81360182723999,"train/loss":2.343026657899221,"final/best_epoch":14,"val/top1_accuracy":29.94}