{"val/loss":2.2985605642318725,"final/weight_decay":0.011322275527212012,"final/warmup_epochs":5,"val/overfitting_gap":11.675058593750002,"_step":15,"_runtime":341,"_wandb":{"runtime":341},"final/best_epoch":14,"train/loss":1.9344620282451312,"_timestamp":1.7562226791102004e+09,"learning_rate":0.00045515534564799374,"final/best_val_accuracy":46.76,"val/top5_accuracy":79.44,"best_val_accuracy":46.76,"objective":46.76,"final/learning_rate":0.0006384250876767622,"epoch":14,"train/top5_accuracy":87.05240885416667,"val/top1_accuracy":46.76,"train/top1_accuracy":58.43505859375}