{"_timestamp":1.7561519726532724e+09,"learning_rate":1e-07,"val/top1_accuracy":21.93,"train/top1_accuracy":38.372802734375,"train/top5_accuracy":73.52701822916667,"final/learning_rate":0.0002904996769732265,"val/top5_accuracy":54.22,"final/best_val_accuracy":21.93,"final/best_epoch":10,"train/loss":2.585852935910225,"val/overfitting_gap":16.442802734375,"_runtime":338,"val/loss":3.096526385116577,"_wandb":{"runtime":338},"_step":11,"epoch":10,"objective":21.93}