{"_step":11,"_timestamp":1.756179254506186e+09,"train/top1_accuracy":37.202962239583336,"val/top1_accuracy":20.22,"val/top5_accuracy":50.86,"final/learning_rate":0.0003642310592949979,"objective":20.29,"epoch":10,"final/best_val_accuracy":20.29,"learning_rate":1e-07,"train/loss":2.6035136282444,"val/overfitting_gap":16.982962239583337,"train/top5_accuracy":73.00211588541667,"val/loss":3.200679001235962,"_runtime":338,"final/best_epoch":9,"_wandb":{"runtime":338}}