{"objective":14.22,"train/top1_accuracy":27.809651692708332,"val/top5_accuracy":41.03,"learning_rate":1e-07,"_timestamp":1.756148134482409e+09,"_wandb":{"runtime":329},"train/top5_accuracy":63.271077473958336,"val/overfitting_gap":13.589651692708332,"val/loss":3.4400504917144774,"_runtime":329,"final/learning_rate":0.00010314976426815949,"final/best_val_accuracy":14.22,"_step":11,"final/best_epoch":10,"epoch":10,"val/top1_accuracy":14.22,"train/loss":2.977036992708842}