{"final/weight_decay":0.13469982400129946,"final/best_val_accuracy":42.4,"final/warmup_epochs":5,"_step":15,"train/top1_accuracy":55.428059895833336,"val/top5_accuracy":75.55,"best_val_accuracy":42.4,"objective":42.4,"_timestamp":1.7562504119219637e+09,"_wandb":{"runtime":339},"epoch":14,"train/loss":2.027684837579727,"final/learning_rate":0.0003990600311683038,"val/overfitting_gap":13.028059895833337,"val/top1_accuracy":42.4,"train/top5_accuracy":85.43294270833333,"learning_rate":0.0002845144753009622,"_runtime":339,"val/loss":2.4421798082351684,"final/best_epoch":14}