{"final/learning_rate":0.0004470975417100907,"val/loss":2.511766487121582,"train/loss":2.0674880196650824,"_step":15,"final/warmup_epochs":5,"final/best_epoch":14,"val/top5_accuracy":72.79,"final/best_val_accuracy":40.55,"val/overfitting_gap":13.352180989583339,"learning_rate":0.0003187599191753713,"best_val_accuracy":40.55,"train/top5_accuracy":84.66389973958333,"final/weight_decay":0.06801110881152204,"_timestamp":1.7562312464817398e+09,"train/top1_accuracy":53.902180989583336,"_wandb":{"runtime":335},"val/top1_accuracy":40.55,"objective":40.55,"epoch":14,"_runtime":335}