{"_wandb":{"runtime":245},"val/overfitting_gap":16.296787109375,"val/top5_accuracy":42.99,"val/loss":3.4431676219940184,"train/top1_accuracy":30.706787109375,"train/loss":2.7963044891754785,"_runtime":245,"final/best_val_accuracy":14.55,"learning_rate":1e-07,"final/best_epoch":9,"val/top1_accuracy":14.41,"_step":11,"train/top5_accuracy":65.545654296875,"_timestamp":1.756197675254767e+09,"objective":14.55,"epoch":10,"final/learning_rate":0.0013287775148155935}