{"train/top5_accuracy":82.24690755208333,"final/learning_rate":0.0002041051420155256,"epoch":14,"_wandb":{"runtime":338},"best_val_accuracy":33.79,"objective":33.79,"final/warmup_epochs":5,"final/weight_decay":0.14859231027463038,"val/overfitting_gap":16.366793619791665,"train/loss":2.200738196571668,"learning_rate":0.00014553315342926416,"_timestamp":1.7562600388054755e+09,"val/top5_accuracy":67.74,"final/best_val_accuracy":33.79,"val/top1_accuracy":33.68,"_step":15,"_runtime":338,"final/best_epoch":13,"train/top1_accuracy":50.046793619791664,"val/loss":2.7135826965332033}