{"train/top1_accuracy":37.508138020833336,"learning_rate":1e-07,"_timestamp":1.7561370081435735e+09,"epoch":10,"val/top5_accuracy":50.69,"final/learning_rate":0.000393224069324632,"final/best_epoch":10,"val/overfitting_gap":17.928138020833337,"_runtime":324,"objective":19.58,"_wandb":{"runtime":324},"val/loss":3.2303387981414793,"train/loss":2.6006407936414084,"val/top1_accuracy":19.58,"final/best_val_accuracy":19.58,"_step":11,"train/top5_accuracy":72.85359700520833}