{"final/learning_rate":0.0003,"final/weight_decay":0.06006710663142427,"_runtime":497,"learning_rate":0.0001398170501159676,"objective":55.04,"final/best_epoch":19,"_wandb":{"runtime":497},"final/best_val_accuracy":55.04,"epoch":19,"val/top5_accuracy":84.97,"best_val_accuracy":55.04,"val/loss":1.9925040552139281,"final/warmup_epochs":7,"train/top1_accuracy":69.7950225515464,"_step":20,"val/overfitting_gap":14.755022551546396,"val/top1_accuracy":55.04,"train/loss":1.5362493119288965,"_timestamp":1.7562805975160594e+09,"train/top5_accuracy":91.91970038659794}