{"epoch":14,"train/loss":2.2373830527067184,"objective":35.03,"final/learning_rate":0.00018638304024041504,"final/best_epoch":14,"_runtime":338,"_timestamp":1.756248987057509e+09,"final/weight_decay":0.14640693920313042,"val/overfitting_gap":14.003610026041663,"train/top1_accuracy":49.033610026041664,"_step":15,"val/top5_accuracy":67.02,"train/top5_accuracy":81.74845377604167,"val/top1_accuracy":35.03,"final/warmup_epochs":3,"final/best_val_accuracy":35.03,"learning_rate":0.0001199548091903081,"val/loss":2.729455076599121,"best_val_accuracy":35.03,"_wandb":{"runtime":338}}