{"_runtime":342,"_timestamp":1.7562511216694016e+09,"learning_rate":0.0004119822649534163,"train/top5_accuracy":85.546875,"final/weight_decay":0.02771370931656076,"val/top1_accuracy":43.97,"_wandb":{"runtime":342},"_step":15,"val/top5_accuracy":77.76,"objective":43.97,"final/learning_rate":0.0005778644091061169,"val/overfitting_gap":11.879202473958337,"train/top1_accuracy":55.849202473958336,"train/loss":2.014604071776072,"best_val_accuracy":43.97,"epoch":14,"final/best_epoch":14,"val/loss":2.362390338897705,"final/warmup_epochs":5,"final/best_val_accuracy":43.97}