{"best_val_accuracy":35.01,"train/loss":2.1128318260113397,"val/top1_accuracy":34.94,"_wandb":{"runtime":337},"epoch":14,"final/best_val_accuracy":35.01,"final/learning_rate":0.0002953921378648734,"train/top1_accuracy":52.522786458333336,"objective":35.01,"final/best_epoch":13,"val/loss":2.702088458251953,"_timestamp":1.7562750690491867e+09,"learning_rate":0.0001806004100862607,"_step":15,"val/top5_accuracy":67.3,"final/warmup_epochs":2,"final/weight_decay":0.01953279101351653,"_runtime":337,"train/top5_accuracy":83.90299479166667,"val/overfitting_gap":17.582786458333338}