{"train/loss":2.8374188045660653,"final/best_epoch":10,"learning_rate":1e-07,"train/top5_accuracy":64.77864583333333,"val/top1_accuracy":11.65,"_step":11,"final/best_val_accuracy":11.65,"_wandb":{"runtime":334},"_timestamp":1.7561300556989167e+09,"val/top5_accuracy":35.38,"val/loss":3.639830965423584,"train/top1_accuracy":29.142252604166668,"val/overfitting_gap":17.492252604166666,"final/learning_rate":0.0010927746977461847,"epoch":10,"_runtime":334,"objective":11.65}