{"val/top1_accuracy":19.2,"train/top5_accuracy":70.29825846354167,"train/loss":2.6714262117942176,"final/learning_rate":0.00044559837299798706,"val/overfitting_gap":15.563590494791665,"objective":19.3,"train/top1_accuracy":34.763590494791664,"final/best_val_accuracy":19.3,"_step":11,"_wandb":{"runtime":329},"final/best_epoch":9,"_timestamp":1.7561359667260811e+09,"epoch":10,"val/loss":3.2699698928833008,"val/top5_accuracy":48.88,"learning_rate":1e-07,"_runtime":329}