{"train/top5_accuracy":69.2138671875,"epoch":10,"_step":11,"val/top1_accuracy":20.95,"_timestamp":1.756164921380801e+09,"objective":20.95,"_runtime":332,"final/best_val_accuracy":20.95,"final/best_epoch":10,"learning_rate":1e-07,"val/top5_accuracy":53.26,"final/learning_rate":0.0002697201535020079,"_wandb":{"runtime":332},"val/loss":3.1377341999053954,"train/top1_accuracy":33.516438802083336,"val/overfitting_gap":12.566438802083336,"train/loss":2.7260252187649407}