{"val/loss":2.489989436721802,"learning_rate":0.00011416461614008099,"train/loss":1.7463110387325287,"_step":20,"train/top1_accuracy":60.44921875,"val/overfitting_gap":21.789218750000003,"_runtime":453,"val/top1_accuracy":38.66,"final/warmup_epochs":4,"train/top5_accuracy":87.82145182291667,"best_val_accuracy":38.76,"_timestamp":1.7562824535816052e+09,"objective":38.76,"final/weight_decay":0.17875911151327836,"final/best_val_accuracy":38.76,"epoch":19,"_wandb":{"runtime":453},"val/top5_accuracy":72.09,"final/best_epoch":18,"final/learning_rate":0.0003}