{"train/top1_accuracy":37.540690104166664,"val/loss":3.1104010215759277,"train/loss":2.5965488155682883,"_timestamp":1.7561845280189586e+09,"objective":22.65,"final/best_epoch":9,"train/top5_accuracy":72.900390625,"val/overfitting_gap":15.500690104166665,"epoch":10,"_runtime":336,"final/learning_rate":0.0004442154202332312,"val/top5_accuracy":54.88,"_step":11,"final/best_val_accuracy":22.65,"val/top1_accuracy":22.04,"_wandb":{"runtime":336},"learning_rate":1e-07}