{"best_val_accuracy":38.24,"final/weight_decay":0.06386367244158306,"_wandb":{"runtime":337},"epoch":14,"final/warmup_epochs":3,"train/top1_accuracy":56.746419270833336,"objective":38.24,"learning_rate":0.0002758024462808403,"train/loss":1.989339845875899,"_step":15,"val/loss":2.599704048156738,"final/learning_rate":0.0004286075437679456,"val/top5_accuracy":71.8,"final/best_epoch":14,"final/best_val_accuracy":38.24,"train/top5_accuracy":85.86222330729167,"_runtime":337,"val/top1_accuracy":38.24,"val/overfitting_gap":18.506419270833334,"_timestamp":1.756252902046774e+09}