{"val/overfitting_gap":12.598714192708332,"train/top1_accuracy":30.348714192708332,"_step":11,"learning_rate":1e-07,"val/top1_accuracy":17.75,"_runtime":323,"train/top5_accuracy":65.966796875,"val/top5_accuracy":46.54,"final/best_epoch":7,"objective":18.37,"final/learning_rate":0.00018030130175931364,"epoch":10,"final/best_val_accuracy":18.37,"train/loss":2.856733794013659,"_timestamp":1.7561663046553085e+09,"_wandb":{"runtime":323},"val/loss":3.3021918354034425}