{"train/top5_accuracy":83.19498697916667,"final/warmup_epochs":3,"best_val_accuracy":37.16,"val/top1_accuracy":37.16,"final/best_epoch":14,"epoch":14,"_runtime":336,"_wandb":{"runtime":336},"_step":15,"val/overfitting_gap":14.542880859375003,"final/learning_rate":0.0002607029273275708,"learning_rate":0.0001677723446695456,"objective":37.16,"final/best_val_accuracy":37.16,"val/top5_accuracy":70.27,"_timestamp":1.7562743560797908e+09,"final/weight_decay":0.1127404821771523,"train/top1_accuracy":51.702880859375,"val/loss":2.61280500831604,"train/loss":2.1430849681297937}