{"epoch":10,"_step":11,"val/loss":3.720730088424683,"val/top1_accuracy":7.66,"final/best_val_accuracy":7.66,"val/overfitting_gap":2.744459635416666,"train/top1_accuracy":10.404459635416666,"val/top5_accuracy":26.22,"train/loss":3.568208063642184,"final/best_epoch":10,"final/learning_rate":0.006066993691045786,"objective":7.66,"learning_rate":1e-07,"train/top5_accuracy":31.917317708333332,"_runtime":337,"_timestamp":1.7561289915084927e+09,"_wandb":{"runtime":337}}