{"final/best_epoch":14,"final/weight_decay":0.04590661276298392,"best_val_accuracy":38.27,"train/top5_accuracy":84.23868815104167,"val/top1_accuracy":38.27,"val/top5_accuracy":72.95,"objective":38.27,"final/learning_rate":0.0003752668653872957,"epoch":14,"_timestamp":1.7562159122629645e+09,"final/warmup_epochs":3,"train/top1_accuracy":53.590901692708336,"final/best_val_accuracy":38.27,"val/loss":2.5573043437957765,"_wandb":{"runtime":336},"_runtime":336,"learning_rate":0.00024148296759322912,"train/loss":2.086015373468399,"val/overfitting_gap":15.320901692708333,"_step":15}