{"final/best_epoch":7,"final/learning_rate":0.00010961507493622278,"objective":15.75,"_step":11,"train/loss":3.018118843436241,"val/overfitting_gap":11.084527994791667,"_timestamp":1.7561785467979715e+09,"val/top5_accuracy":41.7,"_wandb":{"runtime":349},"train/top1_accuracy":25.974527994791668,"learning_rate":1e-07,"epoch":10,"val/loss":3.4129706062316894,"train/top5_accuracy":61.427815755208336,"val/top1_accuracy":14.89,"final/best_val_accuracy":15.75,"_runtime":349}