{"train/top5_accuracy":74.33064778645833,"final/best_epoch":9,"val/overfitting_gap":17.580572916666664,"final/best_val_accuracy":22.44,"_runtime":329,"epoch":10,"objective":22.44,"val/top1_accuracy":21.84,"val/loss":3.1533169105529786,"_step":11,"learning_rate":1e-07,"final/learning_rate":0.00026789344809828315,"_timestamp":1.7561704798101726e+09,"train/loss":2.5585409700870514,"val/top5_accuracy":52.42,"_wandb":{"runtime":329},"train/top1_accuracy":39.420572916666664}