{"train/top1_accuracy":34.505208333333336,"learning_rate":1e-07,"_timestamp":1.756142196360533e+09,"epoch":10,"val/overfitting_gap":15.555208333333336,"_wandb":{"runtime":338},"final/best_epoch":10,"final/learning_rate":0.0002687386450287119,"val/loss":3.238688455200195,"val/top1_accuracy":18.95,"final/best_val_accuracy":18.95,"_step":11,"val/top5_accuracy":49.83,"objective":18.95,"train/top5_accuracy":69.47835286458333,"_runtime":338,"train/loss":2.7242845942576728}