{"train/top5_accuracy":71.54134114583333,"epoch":10,"_runtime":330,"final/best_val_accuracy":18.38,"_step":11,"final/learning_rate":0.0002903854394608982,"val/top5_accuracy":47.22,"train/top1_accuracy":35.662841796875,"learning_rate":1e-07,"val/overfitting_gap":17.552841796875,"val/loss":3.3181018756866454,"_wandb":{"runtime":330},"final/best_epoch":9,"objective":18.38,"_timestamp":1.7561502162656868e+09,"train/loss":2.651909649372101,"val/top1_accuracy":18.11}