{"train/top1_accuracy":41.575113932291664,"val/top5_accuracy":57.79,"val/loss":3.014056572341919,"final/best_epoch":10,"_wandb":{"runtime":331},"epoch":10,"learning_rate":1e-07,"final/learning_rate":0.0003649429005899391,"_step":11,"_timestamp":1.7561593403723855e+09,"train/top5_accuracy":76.26139322916667,"final/best_val_accuracy":25.03,"val/top1_accuracy":25.03,"_runtime":331,"objective":25.03,"val/overfitting_gap":16.545113932291663,"train/loss":2.477698196967443}