{"_wandb":{"runtime":337},"train/loss":2.017253818611304,"_step":15,"final/best_epoch":14,"train/top5_accuracy":85.595703125,"objective":42.49,"final/weight_decay":0.05771949434223128,"epoch":14,"_timestamp":1.7562376170441172e+09,"final/best_val_accuracy":42.49,"final/learning_rate":0.00048197156679620094,"val/overfitting_gap":13.216787109374998,"learning_rate":0.0003436212505660196,"train/top1_accuracy":55.706787109375,"val/loss":2.4527047565460207,"best_val_accuracy":42.49,"val/top1_accuracy":42.49,"_runtime":337,"final/warmup_epochs":5,"val/top5_accuracy":75.62}