{"_wandb":{"runtime":342},"_step":15,"train/top1_accuracy":54.508463541666664,"final/best_val_accuracy":39.92,"train/loss":2.06195813169082,"final/warmup_epochs":5,"learning_rate":0.00027766653724957163,"objective":39.92,"final/best_epoch":14,"epoch":14,"_timestamp":1.7562205452041395e+09,"final/weight_decay":0.13675469161796452,"train/top5_accuracy":84.76155598958333,"_runtime":342,"val/loss":2.524164232635498,"best_val_accuracy":39.92,"val/top5_accuracy":73.46,"val/overfitting_gap":14.588463541666663,"final/learning_rate":0.0003894541432277186,"val/top1_accuracy":39.92}