{"final/learning_rate":0.0003641194331215567,"final/best_val_accuracy":21.26,"_step":11,"train/loss":2.5944108168284097,"val/overfitting_gap":16.097584635416663,"val/top5_accuracy":53.84,"train/top1_accuracy":37.357584635416664,"val/loss":3.113906977844238,"_timestamp":1.7561806661135416e+09,"learning_rate":1e-07,"epoch":10,"train/top5_accuracy":72.99397786458333,"_wandb":{"runtime":336},"_runtime":336,"val/top1_accuracy":21.26,"objective":21.26,"final/best_epoch":10}