{"learning_rate":1e-07,"_wandb":{"runtime":334},"_step":11,"_runtime":334,"val/top5_accuracy":51.92,"final/learning_rate":0.000289757504575186,"val/overfitting_gap":15.392373046875,"train/loss":2.6366913517316184,"val/loss":3.192743569946289,"objective":21.54,"train/top5_accuracy":72.10286458333333,"epoch":10,"final/best_epoch":10,"train/top1_accuracy":36.932373046875,"_timestamp":1.7561583036314762e+09,"final/best_val_accuracy":21.54,"val/top1_accuracy":21.54}