{"final/best_epoch":8,"val/top5_accuracy":35.92,"_runtime":323,"final/learning_rate":0.002240322799495912,"train/top1_accuracy":31.978352864583332,"learning_rate":1e-07,"val/overfitting_gap":20.378352864583334,"_step":11,"val/loss":3.6455173599243165,"train/top5_accuracy":67.44588216145833,"final/best_val_accuracy":11.86,"epoch":10,"_wandb":{"runtime":323},"_timestamp":1.756168721052403e+09,"train/loss":2.760984495282173,"val/top1_accuracy":11.6,"objective":11.86}