{"objective":24.01,"_runtime":333,"train/top1_accuracy":38.755289713541664,"train/top5_accuracy":73.67960611979167,"learning_rate":1e-07,"val/top5_accuracy":56.41,"_wandb":{"runtime":333},"val/loss":3.044213761138916,"val/overfitting_gap":14.965289713541665,"train/loss":2.5565232088168464,"val/top1_accuracy":23.79,"final/best_val_accuracy":24.01,"final/best_epoch":9,"final/learning_rate":0.000392591017447775,"epoch":10,"_step":11,"_timestamp":1.756185948945871e+09}