{"_wandb":{"runtime":335},"val/overfitting_gap":11.797060546874999,"val/loss":2.7771878925323485,"learning_rate":7.262537637119142e-05,"val/top5_accuracy":66.2,"objective":31.19,"final/learning_rate":0.00011874889075802636,"best_val_accuracy":31.19,"val/top1_accuracy":31.19,"_step":15,"train/top5_accuracy":77.59602864583333,"train/loss":2.445702870686849,"final/best_val_accuracy":31.19,"final/best_epoch":14,"_runtime":335,"final/weight_decay":0.09488606066434604,"train/top1_accuracy":42.987060546875,"epoch":14,"final/warmup_epochs":2,"_timestamp":1.7562369139023457e+09}