{"final/best_val_accuracy":19.11,"objective":19.11,"val/top1_accuracy":19.11,"val/overfitting_gap":17.002467447916665,"_wandb":{"runtime":330},"final/best_epoch":10,"train/top1_accuracy":36.112467447916664,"final/learning_rate":0.00039300678796675234,"epoch":10,"val/top5_accuracy":48.8,"_timestamp":1.75614952485521e+09,"_step":11,"train/loss":2.6415575494368873,"learning_rate":1e-07,"train/top5_accuracy":71.78955078125,"_runtime":330,"val/loss":3.2772750652313234}