{"val/overfitting_gap":15.804941406249998,"_timestamp":1.756147431381302e+09,"learning_rate":1e-07,"train/loss":2.6768988370895386,"val/top1_accuracy":19.51,"objective":19.51,"final/best_val_accuracy":19.51,"train/top1_accuracy":35.31494140625,"epoch":10,"_step":11,"_wandb":{"runtime":339},"final/learning_rate":0.00026917448903009887,"train/top5_accuracy":70.794677734375,"final/best_epoch":10,"val/top5_accuracy":49.75,"val/loss":3.2237307498931886,"_runtime":339}