{"final/best_epoch":9,"val/top5_accuracy":51.98,"final/best_val_accuracy":21.25,"epoch":10,"train/loss":2.569444035490354,"_timestamp":1.7561533778993394e+09,"_runtime":335,"train/top5_accuracy":73.70808919270833,"learning_rate":1e-07,"objective":21.25,"_wandb":{"runtime":335},"final/learning_rate":0.000444381466939134,"val/overfitting_gap":17.186526692708334,"_step":11,"val/top1_accuracy":21.17,"train/top1_accuracy":38.356526692708336,"val/loss":3.1856126026153566}