{"val/top1_accuracy":19.66,"train/top5_accuracy":70.80078125,"val/overfitting_gap":15.005934244791664,"val/loss":3.172913471984863,"_wandb":{"runtime":326},"final/learning_rate":0.0004467556063846115,"_timestamp":1.7561680327357485e+09,"objective":19.66,"val/top5_accuracy":52.38,"train/loss":2.665874590476354,"_runtime":326,"final/best_val_accuracy":19.66,"epoch":10,"final/best_epoch":10,"train/top1_accuracy":34.665934244791664,"_step":11,"learning_rate":1e-07}