{"epoch":14,"final/best_val_accuracy":38.46,"final/best_epoch":14,"final/learning_rate":0.00028980577084414456,"_runtime":337,"_wandb":{"runtime":337},"objective":38.46,"_timestamp":1.7562700814751122e+09,"val/overfitting_gap":13.9569921875,"train/loss":2.1231101353963218,"val/top5_accuracy":72,"final/warmup_epochs":5,"_step":15,"train/top5_accuracy":83.51236979166667,"best_val_accuracy":38.46,"train/top1_accuracy":52.4169921875,"learning_rate":0.0002066282443582392,"final/weight_decay":0.13326517538412155,"val/top1_accuracy":38.46,"val/loss":2.584465670776367}