{"_timestamp":1.7562162699734116e+09,"best_val_accuracy":41.82,"train/top1_accuracy":55.074055989583336,"train/top5_accuracy":85.24373372395833,"_step":15,"val/top5_accuracy":72.17,"final/best_epoch":13,"objective":41.82,"train/loss":2.0357310846447945,"val/top1_accuracy":39.1,"epoch":14,"learning_rate":0.0002503445939131835,"_runtime":340,"_wandb":{"runtime":340},"final/weight_decay":0.017056889908793515,"val/loss":2.546077350616455,"final/learning_rate":0.0003890399522038161,"final/warmup_epochs":3,"final/best_val_accuracy":41.82,"val/overfitting_gap":15.974055989583334}