{"final/best_val_accuracy":41.94,"_step":15,"epoch":14,"val/loss":2.447326581954956,"learning_rate":0.00026758427014396906,"objective":41.94,"_runtime":338,"train/top1_accuracy":56.01806640625,"final/warmup_epochs":5,"final/best_epoch":14,"final/learning_rate":0.0003753113272038801,"val/top5_accuracy":76.25,"_timestamp":1.7562208992052383e+09,"_wandb":{"runtime":338},"val/overfitting_gap":14.078066406250002,"val/top1_accuracy":41.94,"train/top5_accuracy":85.61604817708333,"final/weight_decay":0.019161607267871177,"best_val_accuracy":41.94,"train/loss":2.0120993281404176}