{"val/loss":2.390195643615723,"val/top5_accuracy":77.15,"final/best_epoch":14,"_runtime":336,"final/warmup_epochs":5,"train/top5_accuracy":85.986328125,"final/weight_decay":0.04052731375948647,"final/best_val_accuracy":43.94,"epoch":14,"objective":43.94,"_timestamp":1.7562362082438586e+09,"final/learning_rate":0.0008323878058433557,"train/loss":1.9908145541946094,"best_val_accuracy":43.94,"_wandb":{"runtime":336},"learning_rate":0.0005934293590967936,"train/top1_accuracy":56.378173828125,"val/top1_accuracy":43.94,"_step":15,"val/overfitting_gap":12.438173828125002}