{"train/top5_accuracy":70.0439453125,"_timestamp":1.7561746632879322e+09,"_step":11,"val/overfitting_gap":16.046826171875,"val/top1_accuracy":18.2,"train/loss":2.7166427026192346,"val/top5_accuracy":47.31,"val/loss":3.2852473793029784,"final/learning_rate":0.0002027261639361388,"_runtime":344,"objective":18.2,"final/best_val_accuracy":18.2,"epoch":10,"learning_rate":1e-07,"_wandb":{"runtime":344},"train/top1_accuracy":34.246826171875,"final/best_epoch":10}