{"val/top1_accuracy":39.57,"_wandb":{"runtime":337},"val/top5_accuracy":71.4,"_step":15,"final/best_val_accuracy":39.57,"train/top1_accuracy":54.673258463541664,"_timestamp":1.756228723358237e+09,"best_val_accuracy":39.57,"epoch":14,"final/warmup_epochs":2,"final/learning_rate":0.0004467307575009109,"final/weight_decay":0.14103961295141468,"_runtime":337,"train/top5_accuracy":85.03011067708333,"val/overfitting_gap":15.103258463541664,"final/best_epoch":14,"objective":39.57,"learning_rate":0.0002731077253968151,"val/loss":2.5771523246765136,"train/loss":2.0508128429452577}