{"val/overfitting_gap":17.61458984375,"learning_rate":1e-07,"train/top5_accuracy":70.08463541666667,"final/best_val_accuracy":17.09,"_timestamp":1.7561666470353775e+09,"final/best_epoch":9,"val/top5_accuracy":47.25,"_runtime":328,"val/loss":3.316260836029053,"objective":17.09,"_wandb":{"runtime":328},"val/top1_accuracy":17.09,"train/top1_accuracy":34.70458984375,"final/learning_rate":0.00029170593249351346,"_step":11,"train/loss":2.713647718230883,"epoch":10}