{"_runtime":329,"epoch":10,"final/learning_rate":0.0003658013745107695,"train/top5_accuracy":72.24324544270833,"learning_rate":1e-07,"final/best_epoch":10,"val/loss":3.2789005409240723,"train/top1_accuracy":36.759440104166664,"val/top1_accuracy":17.42,"final/best_val_accuracy":17.42,"train/loss":2.613766943415006,"val/top5_accuracy":47.79,"_timestamp":1.7561586464570625e+09,"_wandb":{"runtime":329},"_step":11,"val/overfitting_gap":19.339440104166663,"objective":17.42}