{"val/top1_accuracy":30.97,"_step":15,"val/loss":2.788165468597412,"val/overfitting_gap":14.495087890625001,"learning_rate":9.831827225186365e-05,"objective":31.01,"final/warmup_epochs":3,"final/best_epoch":13,"_runtime":340,"_timestamp":1.7562736483320847e+09,"train/top1_accuracy":45.465087890625,"final/learning_rate":0.00015275468683185287,"best_val_accuracy":31.01,"final/best_val_accuracy":31.01,"val/top5_accuracy":66.41,"_wandb":{"runtime":340},"train/loss":2.3547413051128387,"final/weight_decay":0.04174916780592046,"train/top5_accuracy":79.22566731770833,"epoch":14}