{"val/overfitting_gap":14.33234375,"learning_rate":9.367880245616183e-05,"final/weight_decay":0.023149423950186356,"val/top5_accuracy":63.11,"final/best_epoch":14,"val/top1_accuracy":29.32,"train/top5_accuracy":77.99275716145833,"train/top1_accuracy":43.65234375,"_step":15,"objective":29.32,"train/loss":2.4268744786580405,"_timestamp":1.7562233898367705e+09,"best_val_accuracy":29.32,"_wandb":{"runtime":337},"final/best_val_accuracy":29.32,"final/learning_rate":0.00013136688402584477,"epoch":14,"val/loss":2.8522767028808595,"_runtime":337,"final/warmup_epochs":5}