{"train/loss":2.549798304835955,"_timestamp":1.7561617761406736e+09,"val/top5_accuracy":50.42,"objective":20.27,"val/loss":3.2261234008789064,"_runtime":323,"val/overfitting_gap":19.066640625,"final/best_epoch":9,"train/top1_accuracy":39.306640625,"_wandb":{"runtime":323},"final/learning_rate":0.0003643544213240385,"_step":11,"final/best_val_accuracy":20.27,"epoch":10,"learning_rate":1e-07,"train/top5_accuracy":74.45068359375,"val/top1_accuracy":20.24}