{"val/overfitting_gap":18.254264322916665,"final/best_val_accuracy":18.26,"train/top5_accuracy":72.09269205729167,"_wandb":{"runtime":323},"_step":11,"final/learning_rate":0.0002891269373583749,"train/loss":2.642240896821022,"epoch":10,"val/top5_accuracy":46.47,"_runtime":323,"train/top1_accuracy":36.454264322916664,"final/best_epoch":9,"objective":18.26,"learning_rate":1e-07,"val/loss":3.307357106399536,"val/top1_accuracy":18.2,"_timestamp":1.7561694314952683e+09}