{"objective":33.27,"train/loss":2.194536710778872,"_timestamp":1.7562436597440166e+09,"val/top1_accuracy":33.27,"_step":15,"epoch":14,"final/best_val_accuracy":33.27,"val/overfitting_gap":16.12982096354166,"train/top1_accuracy":49.399820963541664,"final/learning_rate":0.0008888453904473399,"val/top5_accuracy":67.47,"final/weight_decay":0.14481916971654446,"final/warmup_epochs":2,"train/top5_accuracy":82.04752604166667,"final/best_epoch":14,"_wandb":{"runtime":337},"val/loss":2.7134369232177735,"_runtime":337,"learning_rate":0.000543354922389526,"best_val_accuracy":33.27}