{"val/overfitting_gap":14.496484375000001,"_step":15,"_timestamp":1.7562276604682689e+09,"val/loss":2.830978508758545,"best_val_accuracy":29.4,"_wandb":{"runtime":338},"learning_rate":8.393547062061935e-05,"final/best_val_accuracy":29.4,"val/top5_accuracy":64.34,"train/top5_accuracy":78.20841471354167,"final/best_epoch":14,"final/warmup_epochs":3,"objective":29.4,"train/loss":2.4186029185851416,"val/top1_accuracy":29.4,"_runtime":338,"final/weight_decay":0.027839044150475584,"epoch":14,"train/top1_accuracy":43.896484375,"final/learning_rate":0.00013040037303215567}