{"val/top1_accuracy":41.47,"val/loss":2.4634729667663575,"final/warmup_epochs":2,"final/best_val_accuracy":42.61,"val/overfitting_gap":14.080130208333337,"val/top5_accuracy":74.75,"best_val_accuracy":42.61,"train/top1_accuracy":55.550130208333336,"train/loss":2.024403134981791,"final/weight_decay":0.07319756422555587,"_timestamp":1.7562493396453304e+09,"learning_rate":0.0003021575877647102,"epoch":14,"_wandb":{"runtime":337},"train/top5_accuracy":85.37801106770833,"objective":42.61,"_step":15,"_runtime":337,"final/learning_rate":0.000494255280903361,"final/best_epoch":13}