{"val/top1_accuracy":25.56,"train/top1_accuracy":40.791829427083336,"final/best_val_accuracy":25.67,"_step":11,"final/learning_rate":0.00044548089737054674,"val/top5_accuracy":57.69,"learning_rate":1e-07,"val/loss":3.0216561225891114,"train/loss":2.4929465850194297,"_wandb":{"runtime":323},"final/best_epoch":8,"_runtime":323,"_timestamp":1.7561708223716264e+09,"objective":25.67,"epoch":10,"train/top5_accuracy":75.726318359375,"val/overfitting_gap":15.231829427083337}