{"final/best_epoch":8,"final/best_val_accuracy":23.21,"train/top1_accuracy":37.770589192708336,"val/top5_accuracy":55.83,"_step":11,"val/overfitting_gap":15.070589192708336,"epoch":10,"train/loss":2.6116967449585595,"final/learning_rate":0.00026940654430142606,"train/top5_accuracy":73.15673828125,"_wandb":{"runtime":333},"val/loss":3.085256633377075,"val/top1_accuracy":22.7,"learning_rate":1e-07,"objective":23.21,"_runtime":333,"_timestamp":1.7561624671374679e+09}