{"final/best_val_accuracy":46.02,"_wandb":{"runtime":341},"final/best_epoch":14,"epoch":14,"final/weight_decay":0.14678590413890638,"val/overfitting_gap":9.886168619791661,"_timestamp":1.7562639683695383e+09,"learning_rate":0.00036131615910426354,"objective":46.02,"_step":15,"_runtime":341,"final/learning_rate":0.0005067929520455553,"val/loss":2.3078843957901003,"train/top5_accuracy":85.70149739583333,"final/warmup_epochs":5,"val/top5_accuracy":79.18,"train/top1_accuracy":55.906168619791664,"val/top1_accuracy":46.02,"best_val_accuracy":46.02,"train/loss":2.0111123149593673}