{"val/top1_accuracy":15.65,"epoch":10,"val/top5_accuracy":44.05,"_timestamp":1.756138033832196e+09,"val/overfitting_gap":18.037337239583337,"final/learning_rate":0.0003928320754627718,"val/loss":3.406893069076538,"_wandb":{"runtime":325},"_runtime":325,"final/best_val_accuracy":15.65,"train/loss":2.7188429484764733,"_step":11,"train/top5_accuracy":69.00634765625,"objective":15.65,"train/top1_accuracy":33.687337239583336,"final/best_epoch":10,"learning_rate":1e-07}