{"_wandb":{"runtime":331},"train/top1_accuracy":36.619059244791664,"val/loss":3.188027794647217,"learning_rate":1e-07,"_runtime":331,"_step":11,"final/best_epoch":7,"final/learning_rate":0.00044486354699477336,"val/top1_accuracy":20.22,"_timestamp":1.7561607272030056e+09,"objective":20.66,"train/top5_accuracy":72.25138346354167,"epoch":10,"val/overfitting_gap":16.399059244791665,"train/loss":2.621483897169431,"final/best_val_accuracy":20.66,"val/top5_accuracy":51.74}