{"learning_rate":1e-07,"final/best_val_accuracy":20.77,"_wandb":{"runtime":335},"_runtime":335,"val/loss":3.2266825977325437,"epoch":10,"val/overfitting_gap":15.7301171875,"_timestamp":1.756175714377275e+09,"objective":20.77,"train/top1_accuracy":35.6201171875,"val/top5_accuracy":49.49,"_step":11,"final/learning_rate":0.0002901893772592257,"train/top5_accuracy":70.8740234375,"final/best_epoch":8,"val/top1_accuracy":19.89,"train/loss":2.676126311222712}