{"objective":18.22,"_wandb":{"runtime":326},"_runtime":326,"train/loss":2.7634235670169196,"final/best_epoch":7,"final/learning_rate":0.00026836826936179757,"val/overfitting_gap":14.653255208333334,"final/best_val_accuracy":18.22,"val/top5_accuracy":47.88,"_timestamp":1.7561439330867343e+09,"val/loss":3.275175065994263,"train/top5_accuracy":68.39803059895833,"val/top1_accuracy":17.85,"train/top1_accuracy":32.503255208333336,"learning_rate":1e-07,"epoch":10,"_step":11}