{"final/best_epoch":14,"final/warmup_epochs":5,"final/learning_rate":0.0002865525737940886,"best_val_accuracy":38.82,"val/top1_accuracy":38.82,"val/top5_accuracy":73.32,"_runtime":339,"epoch":14,"train/loss":2.1361633439858756,"final/best_val_accuracy":38.82,"train/top1_accuracy":51.737467447916664,"learning_rate":0.0002043090738655639,"val/overfitting_gap":12.917467447916664,"_step":15,"train/top5_accuracy":83.575439453125,"val/loss":2.5315691650390626,"_timestamp":1.7562383264022126e+09,"objective":38.82,"final/weight_decay":0.05355019681683364,"_wandb":{"runtime":339}}