{"epoch":10,"train/top1_accuracy":32.210286458333336,"final/learning_rate":0.0009502070251983436,"val/top1_accuracy":13.97,"_timestamp":1.7561966346164007e+09,"val/loss":3.5181397384643556,"train/loss":2.747787351409594,"train/top5_accuracy":67.75919596354167,"objective":13.97,"final/best_epoch":10,"val/top5_accuracy":39.9,"learning_rate":1e-07,"final/best_val_accuracy":13.97,"_step":11,"val/overfitting_gap":18.240286458333337,"_runtime":241,"_wandb":{"runtime":241}}