{"best_val_accuracy":32.29,"_runtime":337,"train/loss":2.3536411126454673,"final/learning_rate":0.00017294884624915717,"train/top5_accuracy":79.1015625,"learning_rate":0.00010575566647489561,"_wandb":{"runtime":337},"val/top5_accuracy":66.83,"train/top1_accuracy":45.054117838541664,"_step":15,"val/overfitting_gap":12.764117838541665,"final/weight_decay":0.09332372634866017,"final/best_val_accuracy":32.29,"val/top1_accuracy":32.29,"final/warmup_epochs":2,"final/best_epoch":14,"val/loss":2.7508549591064453,"objective":32.29,"epoch":14,"_timestamp":1.7562697284767792e+09}