{"_runtime":338,"val/loss":3.0943419006347654,"val/top1_accuracy":22.03,"val/top5_accuracy":55.06,"epoch":10,"train/top5_accuracy":74.12312825520833,"final/best_val_accuracy":22.03,"final/best_epoch":10,"_wandb":{"runtime":338},"val/overfitting_gap":16.892119140625,"objective":22.03,"_step":11,"train/loss":2.5416863610347114,"train/top1_accuracy":38.922119140625,"learning_rate":1e-07,"_timestamp":1.7561516184041033e+09,"final/learning_rate":0.000730017607929716}