{"learning_rate":1e-07,"_step":11,"val/top5_accuracy":23.24,"train/top1_accuracy":26.466878255208332,"_timestamp":1.7561265276450703e+09,"train/loss":2.9543704837560654,"_wandb":{"runtime":331},"_runtime":331,"epoch":10,"val/loss":4.206414691162109,"objective":7.8,"final/best_epoch":8,"final/best_val_accuracy":7.8,"final/learning_rate":0.0016173706933763044,"val/top1_accuracy":7.53,"val/overfitting_gap":18.93687825520833,"train/top5_accuracy":60.858154296875}