{"val/overfitting_gap":17.381998697916664,"val/top1_accuracy":32.5,"best_val_accuracy":32.5,"train/top5_accuracy":82.52360026041667,"_step":15,"final/warmup_epochs":3,"learning_rate":0.00018606716172345748,"final/best_epoch":14,"_timestamp":1.7562169763413813e+09,"_wandb":{"runtime":339},"objective":32.5,"train/top1_accuracy":49.881998697916664,"val/loss":2.7780013248443605,"final/best_val_accuracy":32.5,"epoch":14,"train/loss":2.1898839275042215,"final/weight_decay":0.02941112174516219,"val/top5_accuracy":65.91,"_runtime":339,"final/learning_rate":0.0002891374487662033}