{"epoch":10,"_timestamp":1.7561987134268184e+09,"_step":11,"objective":5.28,"val/loss":3.8264440254211425,"_wandb":{"runtime":242},"train/top5_accuracy":21.700032552083332,"final/best_epoch":5,"val/overfitting_gap":0.8171972656250004,"train/top1_accuracy":5.377197265625,"learning_rate":1e-07,"_runtime":242,"val/top1_accuracy":4.56,"final/learning_rate":0.007570954267993541,"val/top5_accuracy":17.66,"final/best_val_accuracy":5.28,"train/loss":3.757341682910919}