{"final/learning_rate":0.0009699832179313482,"learning_rate":0.0005929512687069945,"best_val_accuracy":36.08,"val/top5_accuracy":70.68,"_wandb":{"runtime":340},"val/overfitting_gap":14.007483723958337,"final/weight_decay":0.14458528874242033,"final/best_epoch":14,"val/loss":2.6412995777130126,"train/top5_accuracy":82.12890625,"_step":15,"train/top1_accuracy":50.087483723958336,"final/warmup_epochs":2,"objective":36.08,"final/best_val_accuracy":36.08,"_runtime":340,"epoch":14,"train/loss":2.193251152833303,"val/top1_accuracy":36.08,"_timestamp":1.7562134274778714e+09}