{"val/loss":3.709404343032837,"final/best_val_accuracy":11.77,"val/overfitting_gap":15.601888020833332,"_timestamp":1.7561275781576755e+09,"_runtime":323,"epoch":10,"learning_rate":1e-07,"final/learning_rate":0.0015952853047821675,"_wandb":{"runtime":323},"val/top1_accuracy":11.75,"train/top5_accuracy":62.31689453125,"train/loss":2.8966533144315085,"train/top1_accuracy":27.351888020833332,"objective":11.77,"val/top5_accuracy":33.3,"final/best_epoch":9,"_step":11}