{"objective":19.91,"_timestamp":1.7561565628182852e+09,"final/best_epoch":10,"train/loss":2.6714004625876746,"val/loss":3.210170041656494,"final/learning_rate":0.00028970772697920204,"_wandb":{"runtime":341},"final/best_val_accuracy":19.91,"val/overfitting_gap":15.406975911458336,"train/top5_accuracy":70.72347005208333,"val/top1_accuracy":19.91,"epoch":10,"learning_rate":1e-07,"val/top5_accuracy":50.83,"_step":11,"_runtime":341,"train/top1_accuracy":35.316975911458336}