{"learning_rate":1e-07,"val/top1_accuracy":18.48,"train/loss":2.680583874384562,"val/top5_accuracy":49.25,"val/overfitting_gap":15.897034505208335,"_step":11,"train/top5_accuracy":69.72249348958333,"val/loss":3.2603464096069334,"final/learning_rate":0.0007290612505804913,"_wandb":{"runtime":332},"final/best_epoch":9,"train/top1_accuracy":34.377034505208336,"epoch":10,"final/best_val_accuracy":18.61,"_runtime":332,"objective":18.61,"_timestamp":1.7561366666432674e+09}