{"train/loss":2.0673825095097222,"final/best_epoch":13,"objective":43.16,"final/learning_rate":0.00040712480882341577,"val/top5_accuracy":76.2,"final/best_val_accuracy":43.16,"epoch":14,"train/top5_accuracy":84.72696940104167,"final/weight_decay":0.07687542752764034,"val/loss":2.4118971809387206,"learning_rate":0.000248898174713097,"train/top1_accuracy":54.132080078125,"_timestamp":1.7562636113389723e+09,"best_val_accuracy":43.16,"_runtime":337,"_wandb":{"runtime":337},"_step":15,"val/overfitting_gap":11.092080078125,"val/top1_accuracy":43.04,"final/warmup_epochs":2}