{"val/loss":3.2947488357543944,"final/best_val_accuracy":17.4,"train/top1_accuracy":33.304850260416664,"final/learning_rate":0.000268056586843831,"final/best_epoch":10,"train/loss":2.7547734628121057,"epoch":10,"_runtime":338,"_step":11,"_wandb":{"runtime":338},"_timestamp":1.7561848827124393e+09,"val/top1_accuracy":17.4,"val/overfitting_gap":15.904850260416666,"objective":17.4,"train/top5_accuracy":68.70524088541667,"val/top5_accuracy":47.2,"learning_rate":1e-07}