{"learning_rate":1e-07,"train/loss":2.7394612034161887,"val/top1_accuracy":19.48,"final/best_epoch":10,"_step":11,"train/top5_accuracy":68.64827473958333,"val/top5_accuracy":50.84,"train/top1_accuracy":32.94677734375,"final/learning_rate":0.0002690134936777179,"objective":19.48,"_timestamp":1.756136319051459e+09,"val/overfitting_gap":13.46677734375,"final/best_val_accuracy":19.48,"_runtime":333,"_wandb":{"runtime":333},"val/loss":3.200088579940796,"epoch":10}