{"train/top5_accuracy":90.92347756410257,"best_val_accuracy":54,"learning_rate":0.00013981705011596726,"final/best_val_accuracy":54,"final/learning_rate":0.0003,"val/overfitting_gap":12.989182692307693,"final/best_epoch":19,"_timestamp":1.7562815685520046e+09,"_runtime":459,"val/loss":2.0550836196899414,"final/warmup_epochs":7,"_step":20,"val/top5_accuracy":84.45,"_wandb":{"runtime":459},"train/loss":1.6599864354500404,"epoch":19,"objective":54,"train/top1_accuracy":66.9891826923077,"final/weight_decay":0.041318765585371474,"val/top1_accuracy":54}