{"epoch":14,"val/top5_accuracy":67.5,"final/weight_decay":0.1150188675635335,"final/warmup_epochs":3,"_timestamp":1.7562789721964478e+09,"train/top1_accuracy":48.52294921875,"val/top1_accuracy":33.67,"val/overfitting_gap":14.852949218749998,"final/best_epoch":13,"best_val_accuracy":35.34,"final/best_val_accuracy":35.34,"_wandb":{"runtime":340},"train/top5_accuracy":81.4697265625,"_step":15,"learning_rate":0.00012834952427590547,"_runtime":340,"final/learning_rate":0.00019943043532336203,"objective":35.34,"train/loss":2.2481969644625983,"val/loss":2.7296334419250488}