{"_step":11,"objective":19.19,"final/learning_rate":0.00014829769833395583,"train/top1_accuracy":31.526692708333332,"final/best_epoch":10,"epoch":10,"val/top5_accuracy":49.89,"_wandb":{"runtime":323},"val/overfitting_gap":12.33669270833333,"_runtime":323,"val/loss":3.2193213195800783,"val/top1_accuracy":19.19,"final/best_val_accuracy":19.19,"_timestamp":1.7561950394274514e+09,"train/loss":2.8421165545781455,"learning_rate":1e-07,"train/top5_accuracy":66.88435872395833}