{"val/loss":3.1318358470916747,"val/overfitting_gap":13.090787760416664,"train/loss":2.7017553249994912,"final/best_epoch":10,"_step":11,"train/top1_accuracy":33.890787760416664,"learning_rate":1e-07,"train/top5_accuracy":69.940185546875,"objective":20.8,"_wandb":{"runtime":333},"_runtime":333,"val/top1_accuracy":20.8,"_timestamp":1.7561456727139344e+09,"val/top5_accuracy":53.17,"final/learning_rate":0.00026921235769560015,"epoch":10,"final/best_val_accuracy":20.8}