{"final/learning_rate":0.008315272414489597,"val/top1_accuracy":4.33,"train/top1_accuracy":9.946695963541666,"_timestamp":1.7561984525050576e+09,"epoch":10,"_runtime":242,"final/best_epoch":5,"train/loss":3.5925781478484473,"_step":11,"val/overfitting_gap":5.616695963541666,"val/top5_accuracy":14.74,"val/loss":4.647600218963623,"_wandb":{"runtime":242},"train/top5_accuracy":30.556233723958332,"learning_rate":1e-07,"final/best_val_accuracy":4.55,"objective":4.55}