{"_timestamp":1.756129705779856e+09,"learning_rate":1e-07,"final/best_val_accuracy":18.42,"final/learning_rate":0.0002909527309454995,"objective":18.42,"_runtime":337,"val/top1_accuracy":17.71,"_step":11,"_wandb":{"runtime":337},"val/top5_accuracy":45.87,"val/loss":3.3584754817962645,"train/loss":2.676539664467176,"final/best_epoch":7,"train/top5_accuracy":71.00830078125,"val/overfitting_gap":17.663942057291663,"train/top1_accuracy":35.373942057291664,"epoch":10}