{"objective":43.07,"train/top5_accuracy":88.63321940104167,"epoch":19,"best_val_accuracy":43.07,"_runtime":456,"val/overfitting_gap":19.906442057291663,"_wandb":{"runtime":456},"learning_rate":0.00011416461614008099,"final/best_epoch":17,"final/best_val_accuracy":43.07,"val/loss":2.5664318424224852,"_timestamp":1.7562838714685826e+09,"final/weight_decay":0.04059106195626129,"val/top1_accuracy":42.03,"val/top5_accuracy":75.01,"train/loss":1.9817007333040237,"final/learning_rate":0.0003,"train/top1_accuracy":61.936442057291664,"_step":20,"final/warmup_epochs":4}