{"_step":11,"learning_rate":1e-07,"final/learning_rate":0.00014440085743085813,"val/top5_accuracy":49.71,"train/top5_accuracy":67.63509114583333,"objective":19.17,"train/loss":2.823755939801534,"val/top1_accuracy":19.16,"final/best_epoch":9,"_runtime":329,"val/overfitting_gap":12.806145833333332,"final/best_val_accuracy":19.17,"epoch":10,"_timestamp":1.7561890642960389e+09,"val/loss":3.2262149196624756,"_wandb":{"runtime":329},"train/top1_accuracy":31.966145833333332}