{"train/top5_accuracy":76.01114908854167,"val/loss":2.7871751079559326,"epoch":14,"final/best_val_accuracy":31.04,"final/weight_decay":0.116408065904322,"_runtime":336,"final/warmup_epochs":2,"_wandb":{"runtime":336},"final/best_epoch":14,"train/loss":2.506713643670082,"_step":15,"train/top1_accuracy":40.80810546875,"val/overfitting_gap":9.76810546875,"_timestamp":1.7562155625139909e+09,"val/top1_accuracy":31.04,"val/top5_accuracy":66.21,"objective":31.04,"learning_rate":7.041243173166874e-05,"best_val_accuracy":31.04,"final/learning_rate":0.00011512859342313928}