{"val/top1_accuracy":22.12,"val/overfitting_gap":16.71056640625,"val/loss":3.14268330078125,"final/best_epoch":8,"objective":22.54,"_wandb":{"runtime":333},"_step":11,"final/learning_rate":0.0002905394697926871,"_timestamp":1.756188376088167e+09,"learning_rate":1e-07,"train/top5_accuracy":74.139404296875,"train/loss":2.57404825091362,"train/top1_accuracy":38.83056640625,"epoch":10,"final/best_val_accuracy":22.54,"_runtime":333,"val/top5_accuracy":54.01}