{"final/best_epoch":8,"_wandb":{"runtime":330},"train/top1_accuracy":18.965657552083332,"final/learning_rate":0.003926393288954375,"_timestamp":1.7561911716128478e+09,"train/loss":3.1836393574873605,"epoch":10,"val/top1_accuracy":15.2,"objective":15.45,"val/top5_accuracy":44.31,"val/overfitting_gap":3.765657552083333,"val/loss":3.336805422973633,"_runtime":330,"train/top5_accuracy":51.338704427083336,"_step":11,"final/best_val_accuracy":15.45,"learning_rate":1e-07}