{"_runtime":332,"train/loss":3.004031931360563,"objective":11.06,"train/top5_accuracy":58.809407552083336,"final/best_epoch":9,"final/best_val_accuracy":11.06,"train/top1_accuracy":24.550374348958332,"val/top1_accuracy":10.73,"_step":11,"learning_rate":1e-07,"val/overfitting_gap":13.820374348958332,"val/loss":3.6711219470977783,"epoch":10,"val/top5_accuracy":34.04,"final/learning_rate":0.0022430163515999206,"_wandb":{"runtime":332},"_timestamp":1.756135621434692e+09}