{"val/overfitting_gap":15.825244140625,"objective":18.8,"train/top1_accuracy":34.625244140625,"learning_rate":1e-07,"train/loss":2.69032184779644,"val/top5_accuracy":50.15,"_wandb":{"runtime":331},"val/loss":3.2369111328125,"final/learning_rate":0.00039339437030238254,"epoch":10,"final/best_epoch":10,"_runtime":331,"_timestamp":1.7561449773647368e+09,"train/top5_accuracy":69.91170247395833,"final/best_val_accuracy":18.8,"val/top1_accuracy":18.8,"_step":11}