{"epoch":10,"_step":11,"val/overfitting_gap":15.702919921875,"val/loss":3.1506037364959716,"final/best_epoch":10,"_runtime":326,"val/top5_accuracy":52,"train/top1_accuracy":36.492919921875,"_timestamp":1.7561732567858002e+09,"val/top1_accuracy":20.79,"objective":20.79,"learning_rate":1e-07,"final/learning_rate":0.00026978358072785985,"final/best_val_accuracy":20.79,"_wandb":{"runtime":326},"train/top5_accuracy":72.16593424479167,"train/loss":2.637256900469462}