{"_step":15,"objective":34.31,"val/top5_accuracy":64.77,"_timestamp":1.7562344375269175e+09,"epoch":14,"final/best_val_accuracy":34.31,"val/overfitting_gap":18.473658854166665,"final/learning_rate":0.000243336910169458,"final/warmup_epochs":5,"val/top1_accuracy":31.86,"_wandb":{"runtime":339},"learning_rate":0.00017350107473194378,"train/top1_accuracy":50.333658854166664,"final/weight_decay":0.03449570876491413,"final/best_epoch":13,"train/top5_accuracy":82.61922200520833,"best_val_accuracy":34.31,"train/loss":2.192735895514488,"val/loss":2.8107621284484865,"_runtime":339}