{"_timestamp":1.7562433064365864e+09,"best_val_accuracy":27.46,"learning_rate":8.049681038548247e-05,"final/warmup_epochs":2,"val/overfitting_gap":16.965455729166663,"epoch":14,"final/weight_decay":0.07901184836520608,"objective":27.46,"_step":15,"train/loss":2.399127026398977,"_wandb":{"runtime":340},"train/top1_accuracy":44.425455729166664,"val/top1_accuracy":27.46,"final/best_epoch":14,"_runtime":340,"train/top5_accuracy":78.70686848958333,"val/top5_accuracy":59.96,"final/best_val_accuracy":27.46,"final/learning_rate":0.0001316262719065313,"val/loss":2.938407244491577}