{"epoch":10,"val/overfitting_gap":10.565852864583333,"train/loss":3.2679572453101478,"final/best_val_accuracy":7.99,"final/best_epoch":3,"_step":11,"val/loss":3.8085550300598143,"objective":7.99,"learning_rate":1e-07,"train/top5_accuracy":47.029622395833336,"_runtime":243,"val/top5_accuracy":23.8,"final/learning_rate":0.001681734034179175,"train/top1_accuracy":17.915852864583332,"_wandb":{"runtime":243},"val/top1_accuracy":7.35,"_timestamp":1.756196379674221e+09}