{"train/top1_accuracy":35.776774088541664,"final/learning_rate":0.0003652349662054354,"final/best_val_accuracy":19.42,"val/overfitting_gap":16.496774088541663,"final/best_epoch":9,"val/top5_accuracy":50.12,"val/top1_accuracy":19.28,"objective":19.42,"_runtime":336,"epoch":10,"_timestamp":1.7561349337668931e+09,"train/top5_accuracy":71.43147786458333,"val/loss":3.2337477046966554,"_step":11,"train/loss":2.648407816886902,"_wandb":{"runtime":336},"learning_rate":1e-07}