{"final/best_val_accuracy":42.13,"train/top1_accuracy":55.641682942708336,"val/loss":2.4539601303100587,"val/top1_accuracy":42.13,"final/learning_rate":0.0004993561148796405,"objective":42.13,"_timestamp":1.7562715184327648e+09,"best_val_accuracy":42.13,"_step":15,"train/loss":2.0218509833017984,"_wandb":{"runtime":341},"val/top5_accuracy":75.17,"train/top5_accuracy":85.53466796875,"final/best_epoch":14,"epoch":14,"val/overfitting_gap":13.511682942708333,"_runtime":341,"learning_rate":0.0003560145148913129,"final/warmup_epochs":5,"final/weight_decay":0.03014541788742331}