{"_wandb":{"runtime":328},"train/top5_accuracy":74.40388997395833,"final/learning_rate":0.00044651802919053104,"objective":23.74,"val/loss":3.0247382369995117,"train/loss":2.5431557844082513,"_step":11,"_runtime":328,"val/top1_accuracy":23.74,"learning_rate":1e-07,"val/top5_accuracy":57.56,"train/top1_accuracy":38.954671223958336,"final/best_epoch":10,"_timestamp":1.75615969169448e+09,"epoch":10,"final/best_val_accuracy":23.74,"val/overfitting_gap":15.214671223958337}