{"_wandb":{"runtime":338},"final/weight_decay":0.012394625808820324,"val/loss":2.6596089233398437,"epoch":14,"_timestamp":1.7562550272502558e+09,"_step":15,"final/learning_rate":0.0005258963498429189,"best_val_accuracy":35.51,"train/top1_accuracy":51.365152994791664,"train/loss":2.1417533506949744,"objective":35.51,"val/top5_accuracy":70.09,"learning_rate":0.0003383982213627788,"val/overfitting_gap":15.855152994791666,"final/best_val_accuracy":35.51,"final/best_epoch":14,"final/warmup_epochs":3,"_runtime":338,"val/top1_accuracy":35.51,"train/top5_accuracy":83.270263671875}