{"epoch":14,"objective":44.05,"_step":15,"learning_rate":0.00029305790493143046,"final/warmup_epochs":3,"val/overfitting_gap":12.071826171875003,"train/top5_accuracy":85.821533203125,"_timestamp":1.7562251652983572e+09,"best_val_accuracy":44.05,"_runtime":338,"val/top1_accuracy":44.05,"val/top5_accuracy":76.78,"final/best_epoch":14,"final/weight_decay":0.06420249202154384,"train/top1_accuracy":56.121826171875,"val/loss":2.3829573322296143,"_wandb":{"runtime":338},"final/learning_rate":0.000455426653655066,"final/best_val_accuracy":44.05,"train/loss":2.0073332861065865}