{"_step":11,"train/top5_accuracy":57.499186197916664,"val/top5_accuracy":38.88,"learning_rate":1e-07,"val/loss":3.492940983581543,"_wandb":{"runtime":329},"objective":13.39,"train/top1_accuracy":23.354085286458332,"val/overfitting_gap":9.964085286458332,"final/best_epoch":10,"val/top1_accuracy":13.39,"final/learning_rate":0.0015453511464377473,"epoch":10,"_timestamp":1.75618311219478e+09,"final/best_val_accuracy":13.39,"_runtime":329,"train/loss":3.040642817815145}