{"val/loss":2.8358494651794435,"final/learning_rate":0.00012329087700073909,"learning_rate":7.540171300292044e-05,"objective":29.6,"_step":15,"val/overfitting_gap":12.925227864583334,"_wandb":{"runtime":339},"final/best_epoch":14,"final/weight_decay":0.02001489476264747,"train/loss":2.4579670081535974,"val/top1_accuracy":29.6,"train/top5_accuracy":77.093505859375,"final/best_val_accuracy":29.6,"_timestamp":1.7562632601488998e+09,"best_val_accuracy":29.6,"train/top1_accuracy":42.525227864583336,"_runtime":339,"epoch":14,"val/top5_accuracy":64.21,"final/warmup_epochs":2}