{"final/best_val_accuracy":16.62,"val/top5_accuracy":45.02,"final/best_epoch":10,"_wandb":{"runtime":244},"val/overfitting_gap":12.619908854166667,"final/learning_rate":0.0001066365886582152,"objective":16.62,"learning_rate":1e-07,"train/top1_accuracy":29.239908854166668,"val/loss":3.342746551513672,"_timestamp":1.7561989750943542e+09,"train/loss":2.93761899570624,"epoch":10,"_runtime":244,"val/top1_accuracy":16.62,"_step":11,"train/top5_accuracy":64.98616536458333}