{"final/learning_rate":0.00044539985424939466,"train/top1_accuracy":38.555908203125,"final/best_epoch":9,"val/top1_accuracy":20.17,"_timestamp":1.7561446305462966e+09,"val/top5_accuracy":51.64,"_step":11,"learning_rate":1e-07,"train/top5_accuracy":73.70402018229167,"_wandb":{"runtime":333},"objective":20.34,"epoch":10,"train/loss":2.567662850022316,"final/best_val_accuracy":20.34,"val/loss":3.205306706237793,"val/overfitting_gap":18.385908203125,"_runtime":333}