{"learning_rate":0.00013981705011596775,"_runtime":459,"train/top1_accuracy":61.490885416666664,"val/overfitting_gap":14.000885416666662,"objective":47.49,"val/top1_accuracy":47.49,"_wandb":{"runtime":459},"_step":20,"final/best_val_accuracy":47.49,"_timestamp":1.75628339985153e+09,"train/loss":1.8743270685275395,"final/weight_decay":0.1135199207461482,"final/best_epoch":19,"final/learning_rate":0.0003,"best_val_accuracy":47.49,"epoch":19,"val/top5_accuracy":79.87,"train/top5_accuracy":88.63525390625,"val/loss":2.3018635498046875,"final/warmup_epochs":7}