{"objective":16.26,"_wandb":{"runtime":341},"epoch":10,"final/best_epoch":8,"_timestamp":1.7561268985891664e+09,"val/overfitting_gap":7.451360677083333,"train/top1_accuracy":23.311360677083332,"val/top5_accuracy":46.25,"_step":11,"train/loss":3.019104018807411,"val/loss":3.288068751525879,"final/learning_rate":0.0012055200557337226,"val/top1_accuracy":15.86,"train/top5_accuracy":57.985432942708336,"learning_rate":1e-07,"_runtime":341,"final/best_val_accuracy":16.26}