{"objective":21.63,"train/top1_accuracy":37.436930338541664,"val/top1_accuracy":20.93,"_runtime":346,"val/overfitting_gap":16.506930338541665,"val/top5_accuracy":51.71,"_timestamp":1.756176780170031e+09,"epoch":10,"train/loss":2.604569603999456,"train/top5_accuracy":73.08146158854167,"val/loss":3.163336420440674,"final/learning_rate":0.00026966287250821313,"final/best_val_accuracy":21.63,"learning_rate":1e-07,"_step":11,"final/best_epoch":8,"_wandb":{"runtime":346}}