{"_step":15,"_timestamp":1.7562141359312212e+09,"learning_rate":0.00021686425760262035,"final/best_epoch":14,"final/warmup_epochs":3,"final/weight_decay":0.12100305392715476,"val/loss":2.715617007446289,"val/top1_accuracy":34.79,"train/top5_accuracy":84.40958658854167,"epoch":14,"_runtime":336,"train/loss":2.087448219458262,"_wandb":{"runtime":336},"train/top1_accuracy":53.483072916666664,"val/top5_accuracy":68.48,"final/learning_rate":0.000337003501782371,"final/best_val_accuracy":34.79,"best_val_accuracy":34.79,"objective":34.79,"val/overfitting_gap":18.693072916666665}