{"final/best_val_accuracy":18.5,"val/loss":3.245490479660034,"train/top5_accuracy":69.3115234375,"val/top5_accuracy":48.29,"val/overfitting_gap":14.576985677083336,"_wandb":{"runtime":332},"epoch":10,"val/top1_accuracy":18.5,"train/loss":2.719608356555303,"_timestamp":1.756179606197512e+09,"_step":11,"learning_rate":1e-07,"final/learning_rate":0.00026984169458304136,"_runtime":332,"train/top1_accuracy":33.076985677083336,"final/best_epoch":10,"objective":18.5}