{"val/top5_accuracy":39.71,"train/top1_accuracy":21.718343098958332,"val/loss":3.4249611457824707,"objective":14.13,"final/best_val_accuracy":14.13,"_timestamp":1.7561272389818013e+09,"epoch":10,"_wandb":{"runtime":322},"_step":11,"learning_rate":1e-07,"val/top1_accuracy":13.52,"_runtime":322,"val/overfitting_gap":8.198343098958333,"final/learning_rate":0.0017257356813880345,"final/best_epoch":8,"train/loss":3.1056348929802575,"train/top5_accuracy":53.957112630208336}