{"train/top5_accuracy":86.41764322916667,"best_val_accuracy":44.65,"val/top5_accuracy":77.61,"train/top1_accuracy":57.171630859375,"objective":44.65,"final/best_val_accuracy":44.65,"val/top1_accuracy":44.65,"final/best_epoch":14,"val/loss":2.3774716859817504,"final/weight_decay":0.04146497543852356,"epoch":14,"final/learning_rate":0.0008550309640394432,"_timestamp":1.7562148546330805e+09,"_step":15,"val/overfitting_gap":12.521630859375001,"final/warmup_epochs":5,"learning_rate":0.0006095714321226004,"_wandb":{"runtime":342},"train/loss":1.9717202335596085,"_runtime":342}