{"epoch":14,"best_val_accuracy":38.06,"final/learning_rate":0.0005850818993214823,"final/weight_decay":0.13734363020907073,"val/top1_accuracy":38.06,"_step":15,"val/overfitting_gap":15.512591145833333,"learning_rate":0.00035767630895301846,"train/top5_accuracy":84.36686197916667,"final/best_val_accuracy":38.06,"train/loss":2.0878347530961037,"_runtime":339,"_wandb":{"runtime":339},"objective":38.06,"_timestamp":1.7562248111662586e+09,"val/top5_accuracy":71.74,"val/loss":2.5791483749389648,"final/best_epoch":14,"final/warmup_epochs":2,"train/top1_accuracy":53.572591145833336}