{"val/top5_accuracy":67.05,"train/top1_accuracy":47.206624348958336,"best_val_accuracy":31.97,"train/loss":2.2866906821727753,"train/top5_accuracy":80.74747721354167,"objective":31.97,"val/loss":2.7544725315093994,"final/best_epoch":14,"final/warmup_epochs":5,"learning_rate":0.00013192858634987785,"_runtime":337,"val/overfitting_gap":15.236624348958337,"_wandb":{"runtime":337},"final/weight_decay":0.03450816868900353,"val/top1_accuracy":31.97,"_step":15,"_timestamp":1.7562722323942587e+09,"final/best_val_accuracy":31.97,"final/learning_rate":0.00018502144910474908,"epoch":14}