{"final/best_val_accuracy":22.73,"train/top1_accuracy":42.134602864583336,"val/top5_accuracy":56.43,"train/top5_accuracy":76.74763997395833,"_timestamp":1.7561401245989006e+09,"epoch":10,"val/overfitting_gap":19.404602864583335,"_step":11,"val/loss":3.0792683349609375,"_runtime":332,"final/learning_rate":0.0004469766508282028,"learning_rate":1e-07,"train/loss":2.4580277651548386,"_wandb":{"runtime":332},"val/top1_accuracy":22.73,"objective":22.73,"final/best_epoch":10}