{"final/warmup_epochs":2,"val/overfitting_gap":18.49484375,"final/weight_decay":0.1085932470389231,"objective":34.31,"train/loss":2.1453791906436286,"best_val_accuracy":34.31,"train/top5_accuracy":83.19091796875,"val/loss":2.7932454761505126,"_timestamp":1.7562290823321085e+09,"epoch":14,"_wandb":{"runtime":342},"_runtime":342,"val/top5_accuracy":65.24,"final/best_val_accuracy":34.31,"_step":15,"learning_rate":0.00018760305302632237,"train/top1_accuracy":51.46484375,"final/best_epoch":13,"final/learning_rate":0.00030684820826098444,"val/top1_accuracy":32.97}