{"val/overfitting_gap":16.664957682291664,"_timestamp":1.7561803119176254e+09,"train/loss":2.707697719335556,"train/top1_accuracy":33.664957682291664,"_step":11,"final/best_val_accuracy":17.16,"val/loss":3.313175553894043,"_wandb":{"runtime":340},"final/best_epoch":9,"learning_rate":1e-07,"_runtime":340,"train/top5_accuracy":69.68587239583333,"objective":17.16,"final/learning_rate":0.0002907670004419575,"epoch":10,"val/top1_accuracy":17,"val/top5_accuracy":46.28}