{"final/warmup_epochs":5,"final/weight_decay":0.027184922834328377,"epoch":14,"_wandb":{"runtime":339},"train/top5_accuracy":82.54801432291667,"objective":36.44,"final/best_epoch":14,"val/loss":2.612761483001709,"val/overfitting_gap":14.011660156250002,"_step":15,"final/learning_rate":0.00021262457628901089,"_runtime":339,"learning_rate":0.0001516065699107567,"_timestamp":1.7562223220518918e+09,"best_val_accuracy":36.44,"final/best_val_accuracy":36.44,"train/loss":2.19346850613753,"val/top5_accuracy":71.33,"train/top1_accuracy":50.45166015625,"val/top1_accuracy":36.44}