{"final/best_val_accuracy":17.67,"final/learning_rate":0.0002690362250746576,"val/top5_accuracy":47.1,"objective":17.67,"val/loss":3.3137405670166014,"_step":11,"val/overfitting_gap":16.021715494791664,"val/top1_accuracy":17.57,"train/top5_accuracy":68.72151692708333,"epoch":10,"train/loss":2.745407745242119,"final/best_epoch":9,"learning_rate":1e-07,"_timestamp":1.7561635190914288e+09,"_runtime":333,"train/top1_accuracy":33.591715494791664,"_wandb":{"runtime":333}}