{"final/best_val_accuracy":18.53,"val/top5_accuracy":48.71,"final/best_epoch":10,"val/loss":3.2410885162353518,"_wandb":{"runtime":334},"final/learning_rate":0.0001805006338872649,"_step":11,"train/top1_accuracy":32.586669921875,"objective":18.53,"train/loss":2.799218714237213,"_timestamp":1.7561537268670797e+09,"learning_rate":1e-07,"_runtime":334,"val/top1_accuracy":18.53,"train/top5_accuracy":68.450927734375,"val/overfitting_gap":14.056669921874999,"epoch":10}