{"val/overfitting_gap":11.209290364583339,"_wandb":{"runtime":337},"final/learning_rate":0.0009162799052342848,"best_val_accuracy":43.23,"train/top5_accuracy":84.58251953125,"train/loss":2.0591869006554284,"final/warmup_epochs":2,"val/loss":2.40317965965271,"objective":43.23,"train/top1_accuracy":54.439290364583336,"_runtime":337,"_timestamp":1.7562351479989192e+09,"final/weight_decay":0.14045557776628576,"val/top1_accuracy":43.23,"_step":15,"learning_rate":0.0005601245567095125,"epoch":14,"final/best_epoch":14,"final/best_val_accuracy":43.23,"val/top5_accuracy":77.37}