{"learning_rate":0.00047980482632928903,"val/top5_accuracy":77.55,"val/top1_accuracy":43.57,"final/learning_rate":0.0006730019409486852,"train/top1_accuracy":56.117757161458336,"val/overfitting_gap":12.547757161458335,"_step":15,"best_val_accuracy":43.57,"final/weight_decay":0.022769266727644552,"train/top5_accuracy":85.7421875,"final/best_epoch":14,"train/loss":2.0008700961867967,"val/loss":2.387398886871338,"final/warmup_epochs":5,"_timestamp":1.756277192697495e+09,"epoch":14,"_wandb":{"runtime":338},"objective":43.57,"final/best_val_accuracy":43.57,"_runtime":338}