{"final/weight_decay":0.09046362345582187,"_wandb":{"runtime":341},"_runtime":341,"learning_rate":7.635499568910581e-05,"val/overfitting_gap":14.802174479166663,"train/loss":2.523740231990814,"_timestamp":1.7562347928948038e+09,"val/top5_accuracy":58.99,"val/top1_accuracy":26.01,"objective":26.01,"train/top1_accuracy":40.812174479166664,"best_val_accuracy":26.01,"final/warmup_epochs":5,"train/top5_accuracy":75.94807942708333,"epoch":14,"final/best_val_accuracy":26.01,"final/best_epoch":14,"final/learning_rate":0.00010706605868836966,"_step":15,"val/loss":2.9741166080474852}