{"val/top5_accuracy":53.68,"final/best_epoch":9,"final/best_val_accuracy":21.18,"val/overfitting_gap":15.844544270833335,"train/loss":2.627948224544525,"_step":11,"val/top1_accuracy":20.98,"val/loss":3.105093263244629,"_wandb":{"runtime":332},"_runtime":332,"_timestamp":1.756161079555244e+09,"train/top5_accuracy":72.30631510416667,"final/learning_rate":0.0002906915862036209,"learning_rate":1e-07,"objective":21.18,"train/top1_accuracy":36.824544270833336,"epoch":10}