{"_step":11,"final/learning_rate":0.00015783015491910093,"_timestamp":1.7561873467958586e+09,"val/loss":3.198101648712158,"val/top1_accuracy":19.79,"final/best_val_accuracy":19.8,"objective":19.8,"epoch":10,"_wandb":{"runtime":332},"train/top1_accuracy":32.765706380208336,"train/loss":2.7991865128278732,"_runtime":332,"final/best_epoch":7,"val/overfitting_gap":12.975706380208337,"val/top5_accuracy":50.31,"learning_rate":1e-07,"train/top5_accuracy":68.365478515625}