{"epoch":14,"final/weight_decay":0.03522092225117098,"train/top5_accuracy":83.16853841145833,"_timestamp":1.7562607473652732e+09,"val/top5_accuracy":72.34,"objective":37.68,"train/top1_accuracy":51.08642578125,"val/top1_accuracy":37.68,"final/warmup_epochs":5,"val/loss":2.5863508369445802,"learning_rate":0.00017406904913018294,"final/best_val_accuracy":37.68,"train/loss":2.1593672831853232,"_runtime":339,"final/learning_rate":0.0002441336315156013,"final/best_epoch":14,"_step":15,"best_val_accuracy":37.68,"_wandb":{"runtime":339},"val/overfitting_gap":13.40642578125}