{"val/top1_accuracy":37.91,"epoch":14,"final/learning_rate":0.0003441336038723087,"val/overfitting_gap":15.251621093750003,"final/warmup_epochs":3,"final/best_epoch":14,"best_val_accuracy":37.91,"_timestamp":1.7562482813641803e+09,"val/loss":2.60266470413208,"val/top5_accuracy":70.98,"train/top1_accuracy":53.16162109375,"_wandb":{"runtime":340},"_runtime":340,"train/loss":2.0862828493118286,"train/top5_accuracy":84.27937825520833,"final/weight_decay":0.03349468684852943,"final/best_val_accuracy":37.91,"_step":15,"objective":37.91,"learning_rate":0.00022145177681206604}