{"final/best_epoch":13,"epoch":14,"_timestamp":1.756235502824598e+09,"learning_rate":0.0002882340545248914,"train/top5_accuracy":85.29256184895833,"val/loss":2.580321876525879,"final/warmup_epochs":5,"_wandb":{"runtime":338},"_runtime":338,"final/weight_decay":0.10615628533061884,"train/top1_accuracy":55.147298177083336,"train/loss":2.0333759685357413,"final/best_val_accuracy":41.33,"val/top1_accuracy":38.06,"objective":41.33,"best_val_accuracy":41.33,"val/top5_accuracy":71.85,"_step":15,"final/learning_rate":0.0004042776398766572,"val/overfitting_gap":17.087298177083333}