{"_wandb":{"runtime":331},"val/loss":3.272732075881958,"val/top1_accuracy":18.69,"learning_rate":1e-07,"_step":11,"epoch":10,"train/top1_accuracy":36.850992838541664,"objective":18.76,"val/top5_accuracy":47.73,"final/best_epoch":9,"final/best_val_accuracy":18.76,"val/overfitting_gap":18.160992838541663,"_timestamp":1.7561484855427265e+09,"train/loss":2.6238187005122504,"_runtime":331,"final/learning_rate":0.00026931555949224735,"train/top5_accuracy":72.66642252604167}