{"_wandb":{"runtime":458},"final/best_val_accuracy":44.41,"train/top1_accuracy":63.8661858974359,"train/top5_accuracy":89.67147435897436,"val/overfitting_gap":19.4561858974359,"val/top1_accuracy":44.41,"final/best_epoch":19,"learning_rate":9.454778360677993e-05,"_step":20,"val/top5_accuracy":76.58,"val/loss":2.5936722858428953,"_runtime":458,"train/loss":2.0436244065944966,"final/weight_decay":0.1708315447334896,"objective":44.41,"_timestamp":1.7562810732770948e+09,"final/warmup_epochs":1,"best_val_accuracy":44.41,"final/learning_rate":0.0003,"epoch":19}