{"final/weight_decay":0.02163950398993041,"train/loss":2.115446552634239,"val/overfitting_gap":12.951715494791664,"final/best_val_accuracy":39.39,"final/warmup_epochs":3,"epoch":14,"best_val_accuracy":39.39,"learning_rate":0.00032512370567444604,"val/top1_accuracy":39.39,"_step":15,"objective":39.39,"final/best_epoch":14,"val/loss":2.540798299407959,"train/top5_accuracy":83.73209635416667,"_runtime":336,"_wandb":{"runtime":336},"val/top5_accuracy":72.26,"train/top1_accuracy":52.341715494791664,"_timestamp":1.7562718772707558e+09,"final/learning_rate":0.0005052645774772778}