{"_wandb":{"runtime":336},"val/top5_accuracy":65.51,"epoch":14,"val/overfitting_gap":13.618554687500001,"train/top1_accuracy":44.0185546875,"val/top1_accuracy":30.4,"train/loss":2.410009890794754,"final/best_epoch":14,"final/best_val_accuracy":30.4,"_runtime":336,"final/weight_decay":0.07940456049901332,"val/loss":2.8074204196929933,"learning_rate":8.117690892438007e-05,"final/warmup_epochs":3,"train/top5_accuracy":78.1494140625,"_step":15,"_timestamp":1.7562176872907825e+09,"best_val_accuracy":30.4,"final/learning_rate":0.00012611290836605062,"objective":30.4}