{"final/weight_decay":0.14606278466438963,"final/learning_rate":0.00019896342370130603,"epoch":14,"learning_rate":0.00012804904824341776,"final/warmup_epochs":3,"_step":15,"val/top5_accuracy":63.77,"val/top1_accuracy":31.15,"_wandb":{"runtime":337},"objective":31.31,"final/best_val_accuracy":31.31,"_timestamp":1.7562557329998503e+09,"best_val_accuracy":31.31,"train/loss":2.320368324716886,"train/top5_accuracy":80.1025390625,"final/best_epoch":13,"val/loss":2.8362969551086428,"_runtime":337,"val/overfitting_gap":15.151269531250001,"train/top1_accuracy":46.30126953125}