{"train/loss":2.5500299533208213,"final/learning_rate":0.0003929583566352282,"train/top5_accuracy":74.32861328125,"train/top1_accuracy":38.724772135416664,"val/top5_accuracy":54.89,"learning_rate":1e-07,"val/overfitting_gap":16.434772135416665,"final/best_val_accuracy":22.29,"val/loss":3.0776541984558103,"_wandb":{"runtime":328},"_runtime":328,"val/top1_accuracy":22.29,"final/best_epoch":10,"epoch":10,"_timestamp":1.7561408175747492e+09,"objective":22.29,"_step":11}