{"final/best_val_accuracy":17.23,"train/top5_accuracy":69.85066731770833,"final/best_epoch":9,"_runtime":338,"_step":11,"train/top1_accuracy":34.576416015625,"val/top5_accuracy":43.25,"final/learning_rate":0.0007298331928432711,"_wandb":{"runtime":338},"train/loss":2.6823979119459787,"learning_rate":1e-07,"objective":17.23,"_timestamp":1.756155852054889e+09,"epoch":10,"val/loss":3.4240242431640624,"val/top1_accuracy":16.33,"val/overfitting_gap":18.246416015625}