{"val/loss":3.616590725326538,"objective":11.63,"train/top1_accuracy":21.976725260416668,"_timestamp":1.756133186333931e+09,"train/loss":3.074643135070801,"_step":11,"val/overfitting_gap":10.386725260416668,"final/best_epoch":8,"final/learning_rate":0.0023620803787757485,"_runtime":338,"val/top5_accuracy":33.82,"learning_rate":1e-07,"train/top5_accuracy":55.106608072916664,"_wandb":{"runtime":338},"epoch":10,"final/best_val_accuracy":11.63,"val/top1_accuracy":11.59}