{"final/best_val_accuracy":20.54,"val/overfitting_gap":14.929563802083337,"learning_rate":1e-07,"_timestamp":1.7561279265627923e+09,"_step":11,"train/top1_accuracy":35.469563802083336,"val/top5_accuracy":51.67,"_wandb":{"runtime":334},"val/loss":3.189598804473877,"final/best_epoch":10,"val/top1_accuracy":20.54,"final/learning_rate":0.0003650803499228343,"train/loss":2.6530446956555047,"train/top5_accuracy":71.23006184895833,"epoch":10,"objective":20.54,"_runtime":334}