{"final/learning_rate":0.002241360081674373,"epoch":10,"_step":11,"learning_rate":1e-07,"val/loss":3.015467509460449,"val/top5_accuracy":58.2,"train/top1_accuracy":28.2958984375,"val/overfitting_gap":4.2058984375,"_timestamp":1.7561477879163933e+09,"objective":24.09,"final/best_epoch":10,"_runtime":337,"val/top1_accuracy":24.09,"train/loss":2.8865328977505365,"train/top5_accuracy":63.31787109375,"final/best_val_accuracy":24.09,"_wandb":{"runtime":337}}