{"_timestamp":1.7562120517799082e+09,"final/weight_decay":0.10539338190926678,"final/warmup_epochs":5,"val/top1_accuracy":52.79,"objective":52.79,"val/overfitting_gap":19.237587890625,"learning_rate":1e-07,"_step":31,"epoch":30,"train/top1_accuracy":72.027587890625,"final/best_val_accuracy":52.79,"_wandb":{"runtime":720},"_runtime":720,"train/loss":1.5343466301759083,"val/top5_accuracy":83.36,"final/best_epoch":30,"best_val_accuracy":52.79,"train/top5_accuracy":92.62491861979167,"val/loss":2.1140809913635255,"final/learning_rate":0.000500915001453007}