{"train/top1_accuracy":35.654703776041664,"_wandb":{"runtime":335},"val/overfitting_gap":16.804703776041663,"objective":19.06,"train/top5_accuracy":71.36027018229167,"final/best_val_accuracy":19.06,"epoch":10,"final/best_epoch":8,"_step":11,"val/top1_accuracy":18.85,"val/top5_accuracy":48.94,"final/learning_rate":0.0002891561930446572,"_runtime":335,"train/loss":2.6594292372465134,"_timestamp":1.7561739575941176e+09,"val/loss":3.24076587638855,"learning_rate":1e-07}