{"_runtime":334,"final/best_val_accuracy":10.74,"val/top5_accuracy":32.27,"_step":11,"train/top1_accuracy":18.51806640625,"train/top5_accuracy":48.370361328125,"val/top1_accuracy":10.45,"objective":10.74,"_timestamp":1.7561933348479834e+09,"final/learning_rate":0.004504980811428147,"final/best_epoch":9,"val/overfitting_gap":8.06806640625,"epoch":10,"_wandb":{"runtime":334},"learning_rate":1e-07,"val/loss":3.5925040599823,"train/loss":3.216937338312467}