{"final/learning_rate":0.00026984418499145926,"train/top1_accuracy":34.796142578125,"val/top5_accuracy":44.51,"final/best_epoch":9,"train/top5_accuracy":69.89949544270833,"objective":16.92,"_step":11,"_timestamp":1.756186652088113e+09,"_runtime":340,"val/top1_accuracy":16.87,"epoch":10,"final/best_val_accuracy":16.92,"val/loss":3.3659960636138915,"val/overfitting_gap":17.926142578125,"learning_rate":1e-07,"_wandb":{"runtime":340},"train/loss":2.7115983416636786}