{"val/top1_accuracy":22.37,"train/top5_accuracy":65.606689453125,"_wandb":{"runtime":335},"_runtime":335,"final/best_epoch":10,"val/overfitting_gap":8.021438802083331,"final/best_val_accuracy":22.37,"final/learning_rate":0.0020746573902794066,"val/loss":3.0540710304260252,"objective":22.37,"_step":11,"train/top1_accuracy":30.391438802083332,"learning_rate":1e-07,"epoch":10,"train/loss":2.8110492825508118,"_timestamp":1.756181371818166e+09,"val/top5_accuracy":55.89}