{"val/overfitting_gap":18.138255208333337,"val/top5_accuracy":46.5,"val/top1_accuracy":17.49,"epoch":10,"val/loss":3.342012437057495,"final/best_epoch":10,"train/loss":2.673123523592949,"_timestamp":1.7561943558186233e+09,"_runtime":330,"learning_rate":1e-07,"objective":17.49,"_step":11,"train/top5_accuracy":70.72957356770833,"train/top1_accuracy":35.628255208333336,"_wandb":{"runtime":330},"final/best_val_accuracy":17.49,"final/learning_rate":0.000465216852454439}