{"val/overfitting_gap":13.210364583333337,"val/top5_accuracy":52.73,"final/learning_rate":0.0007282434195167043,"_timestamp":1.7561345820434477e+09,"final/best_val_accuracy":19.83,"train/loss":2.7131629586219788,"train/top5_accuracy":68.93513997395833,"val/top1_accuracy":19.83,"epoch":10,"_runtime":328,"train/top1_accuracy":33.040364583333336,"val/loss":3.1568140937805174,"learning_rate":1e-07,"final/best_epoch":10,"objective":19.83,"_step":11,"_wandb":{"runtime":328}}