{"val/overfitting_gap":13.893209635416667,"_runtime":336,"val/top1_accuracy":39.48,"train/top1_accuracy":53.373209635416664,"_step":15,"final/weight_decay":0.11024556176090192,"learning_rate":0.0005940033404772054,"_timestamp":1.756278614632832e+09,"val/loss":2.538410019302368,"val/top5_accuracy":73.57,"train/top5_accuracy":84.47469075520833,"final/best_val_accuracy":39.48,"objective":39.48,"_wandb":{"runtime":336},"best_val_accuracy":39.48,"train/loss":2.0773348212242126,"final/warmup_epochs":3,"final/best_epoch":14,"final/learning_rate":0.0009231678403347584,"epoch":14}