{"val/top1_accuracy":41.08,"final/warmup_epochs":2,"_step":15,"final/best_val_accuracy":41.08,"_runtime":336,"objective":41.08,"learning_rate":0.0004841902649076953,"final/learning_rate":0.0007920541522141221,"train/top1_accuracy":54.573567708333336,"_timestamp":1.7562589755842757e+09,"train/loss":2.043719249467055,"val/overfitting_gap":13.493567708333337,"train/top5_accuracy":84.93448893229167,"final/weight_decay":0.05254381597995367,"_wandb":{"runtime":336},"best_val_accuracy":41.08,"final/best_epoch":14,"val/top5_accuracy":75.81,"val/loss":2.451117741012573,"epoch":14}