{"_wandb":{"runtime":327},"objective":16.21,"final/best_epoch":8,"val/overfitting_gap":14.761028645833331,"_runtime":327,"val/loss":3.373226286697388,"val/top5_accuracy":43.71,"_step":11,"epoch":10,"final/best_val_accuracy":16.21,"_timestamp":1.7561569079974597e+09,"train/top5_accuracy":65.716552734375,"train/loss":2.8661929120620093,"final/learning_rate":0.00018061298240696017,"learning_rate":1e-07,"train/top1_accuracy":30.721028645833332,"val/top1_accuracy":15.96}