{"val/overfitting_gap":4.460371093749998,"train/loss":2.921951745947202,"final/best_epoch":10,"val/top1_accuracy":22.92,"final/learning_rate":0.002428124282916647,"train/top1_accuracy":27.38037109375,"_timestamp":1.7561876860892823e+09,"val/top5_accuracy":58.63,"epoch":10,"learning_rate":1e-07,"_step":11,"final/best_val_accuracy":22.92,"objective":22.92,"_wandb":{"runtime":324},"val/loss":3.0366494804382325,"train/top5_accuracy":62.434895833333336,"_runtime":324}