{"epoch":14,"val/top5_accuracy":73.63,"final/best_epoch":14,"_runtime":339,"_step":15,"train/top5_accuracy":83.35978190104167,"learning_rate":0.00018535735304858408,"_wandb":{"runtime":339},"val/loss":2.518937367630005,"objective":40.13,"best_val_accuracy":40.13,"train/top1_accuracy":51.7578125,"final/learning_rate":0.0003031743243783247,"final/weight_decay":0.11727138079913124,"final/warmup_epochs":2,"final/best_val_accuracy":40.13,"val/overfitting_gap":11.627812499999997,"train/loss":2.138616760571798,"_timestamp":1.7562315999957314e+09,"val/top1_accuracy":40.13}