{"objective":24.52,"_wandb":{"runtime":336},"final/learning_rate":0.0003927428869244659,"final/best_val_accuracy":24.52,"final/best_epoch":10,"learning_rate":1e-07,"train/loss":2.4918121149142585,"train/top1_accuracy":41.3818359375,"val/top5_accuracy":58.72,"_runtime":336,"val/top1_accuracy":24.52,"_step":11,"epoch":10,"train/top5_accuracy":75.92976888020833,"_timestamp":1.7561701331732306e+09,"val/overfitting_gap":16.8618359375,"val/loss":3.01340623550415}