{"final/best_val_accuracy":34.51,"epoch":14,"_timestamp":1.7562586249804077e+09,"final/warmup_epochs":5,"val/overfitting_gap":14.983408203125002,"_step":15,"_wandb":{"runtime":339},"train/loss":2.2084368765354156,"val/loss":2.667591354751587,"final/learning_rate":0.00025512680865859527,"train/top5_accuracy":82.196044921875,"val/top5_accuracy":68.92,"learning_rate":0.00018190597128967675,"val/top1_accuracy":34.51,"final/weight_decay":0.11842899089115956,"_runtime":339,"train/top1_accuracy":49.493408203125,"objective":34.51,"final/best_epoch":14,"best_val_accuracy":34.51}