{"final/best_val_accuracy":9.58,"_step":11,"final/best_epoch":6,"val/overfitting_gap":11.91421875,"_runtime":325,"epoch":10,"learning_rate":1e-07,"_wandb":{"runtime":325},"val/top1_accuracy":7.91,"train/top1_accuracy":19.82421875,"final/learning_rate":0.0015543821154718766,"objective":9.58,"_timestamp":1.7561342247763522e+09,"train/loss":3.1790973941485086,"val/loss":3.914322903442383,"train/top5_accuracy":51.670328776041664,"val/top5_accuracy":23.5}