{"final/warmup_epochs":2,"train/top1_accuracy":51.690673828125,"best_val_accuracy":34.64,"val/overfitting_gap":17.050673828125,"final/best_epoch":14,"_wandb":{"runtime":341},"_timestamp":1.7562518401639805e+09,"val/top5_accuracy":67.36,"final/learning_rate":0.0003365645520907533,"learning_rate":0.00020576747923259047,"_runtime":341,"final/weight_decay":0.026190654736162527,"_step":15,"epoch":14,"train/loss":2.1389527519543967,"train/top5_accuracy":83.33943684895833,"val/top1_accuracy":34.64,"objective":34.64,"val/loss":2.720843332672119,"final/best_val_accuracy":34.64}