{"val/loss":2.6365549354553224,"objective":36.36,"_runtime":335,"_step":15,"epoch":14,"train/top5_accuracy":81.67928059895833,"val/overfitting_gap":12.779404296875,"final/best_val_accuracy":36.36,"val/top5_accuracy":70.48,"learning_rate":0.00015740881256048482,"train/loss":2.2316951602697372,"final/learning_rate":0.0002207636237335269,"final/warmup_epochs":5,"final/weight_decay":0.04302621296591859,"best_val_accuracy":36.36,"train/top1_accuracy":49.139404296875,"_wandb":{"runtime":335},"val/top1_accuracy":36.36,"final/best_epoch":14,"_timestamp":1.75621982855608e+09}