{"epoch":10,"final/best_epoch":10,"train/loss":2.4726273268461227,"val/top1_accuracy":23.84,"val/top5_accuracy":56.09,"_wandb":{"runtime":330},"objective":23.84,"_step":11,"learning_rate":1e-07,"_runtime":330,"val/loss":3.0856557342529296,"_timestamp":1.7561683805058398e+09,"train/top1_accuracy":41.107177734375,"train/top5_accuracy":75.87483723958333,"val/overfitting_gap":17.267177734375,"final/learning_rate":0.0007286287503197239,"final/best_val_accuracy":23.84}