{"final/best_val_accuracy":20.75,"val/loss":3.2261526638031004,"_timestamp":1.756162809155037e+09,"epoch":10,"val/top1_accuracy":18.66,"train/top1_accuracy":34.3017578125,"final/learning_rate":0.0002693844761400356,"train/top5_accuracy":70.330810546875,"_step":11,"final/best_epoch":7,"_runtime":327,"val/overfitting_gap":15.6417578125,"val/top5_accuracy":49.37,"_wandb":{"runtime":327},"learning_rate":1e-07,"objective":20.75,"train/loss":2.684260149796804}