{"val/top1_accuracy":35.9,"train/loss":2.1964462051788964,"train/top5_accuracy":82.30794270833333,"objective":35.9,"val/top5_accuracy":69.58,"_step":15,"_runtime":335,"final/warmup_epochs":2,"val/loss":2.6594854446411134,"final/best_epoch":14,"_timestamp":1.756261824072772e+09,"val/overfitting_gap":13.674788411458337,"final/learning_rate":0.0002970780194245858,"_wandb":{"runtime":335},"best_val_accuracy":35.9,"learning_rate":0.00018163092283572047,"train/top1_accuracy":49.574788411458336,"final/best_val_accuracy":35.9,"final/weight_decay":0.08630504447993059,"epoch":14}