{"_runtime":245,"final/best_val_accuracy":19.93,"train/loss":2.668870190779368,"val/top5_accuracy":48.31,"val/top1_accuracy":19.32,"train/top1_accuracy":35.447184244791664,"epoch":10,"learning_rate":1e-07,"val/loss":3.2398064266204836,"val/overfitting_gap":16.127184244791664,"train/top5_accuracy":71.07950846354167,"_wandb":{"runtime":245},"objective":19.93,"final/learning_rate":0.0002901194372179014,"_step":11,"final/best_epoch":7,"_timestamp":1.7561971544597232e+09}