{"train/top5_accuracy":84.649658203125,"learning_rate":0.00021267097709432289,"train/top1_accuracy":53.839111328125,"_wandb":{"runtime":341},"final/weight_decay":0.12158892716879224,"val/top1_accuracy":41.64,"objective":41.64,"final/best_val_accuracy":41.64,"val/overfitting_gap":12.199111328125,"epoch":14,"final/warmup_epochs":2,"best_val_accuracy":41.64,"val/top5_accuracy":74.47,"val/loss":2.4675743255615235,"_step":15,"train/loss":2.0782417630155883,"_timestamp":1.7562440175199413e+09,"final/best_epoch":14,"final/learning_rate":0.00034785842472717817,"_runtime":341}