{"final/learning_rate":0.0004442699312884005,"_step":11,"epoch":10,"val/overfitting_gap":18.216429036458337,"train/top1_accuracy":35.756429036458336,"final/best_epoch":9,"learning_rate":1e-07,"val/top5_accuracy":47.5,"val/top1_accuracy":17.54,"val/loss":3.3105971462249757,"objective":17.75,"_timestamp":1.7561621176588466e+09,"_runtime":326,"train/loss":2.6495120028654733,"_wandb":{"runtime":326},"final/best_val_accuracy":17.75,"train/top5_accuracy":71.57185872395833}