{"learning_rate":1e-07,"final/learning_rate":0.00044581276922797913,"objective":19.23,"_step":11,"val/overfitting_gap":16.220218098958334,"val/top1_accuracy":19.17,"final/best_epoch":9,"epoch":10,"train/top1_accuracy":35.390218098958336,"final/best_val_accuracy":19.23,"train/top5_accuracy":70.57902018229167,"_runtime":333,"_timestamp":1.7561722250983107e+09,"val/loss":3.2531908073425293,"_wandb":{"runtime":333},"train/loss":2.6648128032684326,"val/top5_accuracy":49.35}