{"epoch":10,"final/best_val_accuracy":20.31,"train/top5_accuracy":71.63492838541667,"_step":11,"train/loss":2.657305816809336,"val/loss":3.2017642990112303,"final/best_epoch":9,"val/top1_accuracy":19.54,"final/learning_rate":0.00026967742090163295,"_timestamp":1.756197411996889e+09,"train/top1_accuracy":35.850016276041664,"objective":20.31,"val/overfitting_gap":16.310016276041665,"_wandb":{"runtime":242},"learning_rate":1e-07,"val/top5_accuracy":50.81,"_runtime":242}