{"final/learning_rate":0.00029080613170823894,"train/top5_accuracy":71.49454752604167,"_runtime":334,"val/overfitting_gap":16.4228125,"_step":11,"learning_rate":1e-07,"train/loss":2.651997764905294,"val/loss":3.23791477394104,"final/best_epoch":10,"epoch":10,"train/top1_accuracy":36.1328125,"val/top1_accuracy":19.71,"val/top5_accuracy":49.82,"final/best_val_accuracy":19.71,"objective":19.71,"_wandb":{"runtime":334},"_timestamp":1.7561736080212626e+09}