{"val/overfitting_gap":18.098981119791663,"final/learning_rate":0.0002909198524146729,"objective":17.69,"epoch":10,"_step":11,"train/top5_accuracy":70.87605794270833,"final/best_val_accuracy":17.69,"val/top5_accuracy":46.88,"learning_rate":1e-07,"_wandb":{"runtime":325},"_timestamp":1.7561743016505349e+09,"train/loss":2.6770861546198526,"_runtime":325,"val/loss":3.314867526626587,"train/top1_accuracy":35.788981119791664,"final/best_epoch":10,"val/top1_accuracy":17.69}