{"train/loss":2.036088270445665,"best_val_accuracy":37.42,"_runtime":337,"final/best_epoch":14,"train/top1_accuracy":54.91943359375,"_wandb":{"runtime":337},"train/top5_accuracy":85.23356119791667,"val/loss":2.6195548309326173,"objective":37.42,"val/top1_accuracy":37.42,"final/best_val_accuracy":37.42,"val/overfitting_gap":17.49943359375,"learning_rate":0.0004481121051325005,"final/learning_rate":0.0006964179664828975,"final/warmup_epochs":3,"val/top5_accuracy":71.74,"final/weight_decay":0.1387304789807652,"epoch":14,"_step":15,"_timestamp":1.7562543185425503e+09}