{"learning_rate":1e-07,"final/learning_rate":0.0004465842250452466,"train/loss":2.465046137571335,"epoch":10,"_wandb":{"runtime":328},"val/loss":3.0911714244842527,"final/best_epoch":9,"_timestamp":1.7561690652077277e+09,"val/top1_accuracy":22.87,"final/best_val_accuracy":23.52,"train/top1_accuracy":41.778564453125,"val/top5_accuracy":55.07,"objective":23.52,"_runtime":328,"train/top5_accuracy":76.60319010416667,"_step":11,"val/overfitting_gap":18.908564453125}