{"train/top1_accuracy":46.836344401041664,"epoch":14,"final/weight_decay":0.13844877489587476,"val/overfitting_gap":11.74634440104166,"_timestamp":1.7562326648263695e+09,"val/top5_accuracy":70.64,"final/warmup_epochs":3,"objective":35.09,"_wandb":{"runtime":338},"final/learning_rate":0.000918788643349538,"val/loss":2.6401954246520996,"final/best_epoch":14,"train/top5_accuracy":80.37516276041667,"val/top1_accuracy":35.09,"best_val_accuracy":35.09,"train/loss":2.277798150976499,"final/best_val_accuracy":35.09,"_runtime":338,"learning_rate":0.0005911857580585745,"_step":15}